question_text;question_image;question_category
Stav, keï sú ivotné deje obmedzené na minimum sa nazıva;;Všeobecné informácie
Môu sa bunky v niektorıch druhoch kolónií špecializova na urèité funkcie;;Všeobecné informácie
Reprodukèná izolácia druhu znamená, e;;Všeobecné informácie
Vıznam vody v organizme;;Všeobecné informácie
Akú špecifickos enzımov rozoznávame;;Všeobecné informácie
Èo je podstatné pre vegetatívne rozmnoovanie z h¾adiska dediènosti;;Všeobecné informácie
Gonochorizmus je;;Všeobecné informácie
Prispôsobivos organizmu k podmienkam vonkajšieho prostredia sa nazıva;;Všeobecné informácie
Inhibítory enzımov;;Všeobecné informácie
Je vybavenie bunky enzımami riadené geneticky;;Všeobecné informácie
V èom spoèíva substrátová špecifickos enzımov;;Všeobecné informácie
Ako sa nazıva kovalentná väzba v ATP, ktorá obsahuje ve¾ké mnostvo energie a ¾ahko sa štiepi;;Všeobecné informácie
Osmotická lıza bunky nastáva v prostredí;;Všeobecné informácie
Èo je základom pohlavného rozmnoovania mnohobunkovıch organizmov;;Všeobecné informácie
Zárodky všetkıch mnohobunkovıch ivoèíchov prejdú v individuálnom vıvine;;Všeobecné informácie
Pri ktorom z dvoch hlavnıch spôsobov rozmnoovania mnohobunkovıch organizmov je vzniknutı jedinec z genetického h¾adiska identickı s rodièovskım organizmom;;Všeobecné informácie
Aminokyseliny v molekule bielkovín sa spájajú väzbou:;;Všeobecné informácie
Konjugácia sa vyskytuje u;;Všeobecné informácie
Pohlavnı dimorfizmus je;;Všeobecné informácie
Medzi aplikované biologické vedy patri;;Všeobecné informácie
K modelovım organizmom, ktoré sa pouívajú v biologickıch pokusoch patria;;Všeobecné informácie
Inbreeding je;;Všeobecné informácie
Energia, uvo¾nená pri chemickıch procesoch, sa viae do chemickıch väzieb v zlúèenine, ktorú nazıvame;;Všeobecné informácie
Energetickı metabolizmus mono charakterizova ako;;Všeobecné informácie
Vedecké zákony sú;;Všeobecné informácie
Anaeróbna glykolıza je chemickı proces, ktorı prebieha;;Všeobecné informácie
Èo sú enzımy;;Všeobecné informácie
Ktoré je posledné štádium vıvoja indivídua;;Všeobecné informácie
Medicína patrí medzi vedy;;Všeobecné informácie
Katabolizmus je;;Všeobecné informácie
Do akıch vyšších celkov sa zoskupujú rozlièné tkanivá;;Všeobecné informácie
Z h¾adiska zloitosti jednotlivca organizmy delíme na;;Všeobecné informácie
Keï' sa rozštiepi jedna makroenergická väzba, uvo¾ní sa energia pribline;;Všeobecné informácie
Epitely majú funkciu;;Všeobecné informácie
Medzi vedy o vıvoji patri;;Všeobecné informácie
V èom spoèíva funkèná špecifickos enzımov;;Všeobecné informácie
Fertilizácia je;;Všeobecné informácie
Medzi vedy o vıvoji nepatri;;Všeobecné informácie
Bunky podobnej štruktúry a funkcie sa zoskupujú do vyšších celkov, ktoré sa nazıvajú;;Všeobecné informácie
Aké rastlinné pletivá rozlišujeme pod¾a zhrubnutia bunkovej steny;;Všeobecné informácie
Èím je daná substrátová špecifickos enzımu;;Všeobecné informácie
Individuálny vıvin kadého mnohobunkového ivoèícha s pohlavnım rozmnoovaním má etapu;;Všeobecné informácie
Vıvoj jedinca z neoplodneného vajíèka sa volá;;Všeobecné informácie
Anabolizmus je;;Všeobecné informácie
Regulácia v bunke je ovplyvnená;;Všeobecné informácie
Hermafroditizmus je;;Všeobecné informácie
Anatómia patri medzi vedy;;Všeobecné informácie
Prapohlavné bunky, z ktorıch vznikajú gaméty sú;;Všeobecné informácie
K vıznamnım predstavite¾om biológie patri;;Všeobecné informácie
Regulácie vo vyšších mnohobunkovıch organizmoch prebiehajú pod kontrolou;;Všeobecné informácie
Základné spôsoby rozmnoovania u mnohobunkovıch organizmov sú;;Všeobecné informácie
Èo obsahuje molekula ATP;;Všeobecné informácie
Ako sa oznaèuje proces, pri ktorom sa z jednoduchıch látok tvoria nové, telu vlastné zloité látky;;Všeobecné informácie
Ktoré polysacharidy majú stavebnú funkciu;;Všeobecné informácie
Spôsob riadenia, spoloènı pre všetky mnohobunkové organizmy je;;Všeobecné informácie
Látková regulácia je v porovnaní s nervovou reguláciou;;Všeobecné informácie
Diferenciácia je;;Všeobecné informácie
Medzi fyziologické vedy patri;;Všeobecné informácie
Mikrobiológia patrí medzi vedy;;Všeobecné informácie
Medzi samostatné biologické vedy patri;;Všeobecné informácie
Samèie pohlavné bunky u mnohobunkovıch organizmov sa nazıvajú;;Všeobecné informácie
Samièie gaméty èloveka sú;;Všeobecné informácie
Model priestorovej DNA vypracovali;;Všeobecné informácie
O makromolekulárnych organickıch latkách ivıch organizmov platí, e;;Všeobecné informácie
O mikrobiológii platí, e;;Všeobecné informácie
Hierarchické usporiadanie pod¾a zloitosti - od najjednoduchšieho po najzloitejšie, v organizme èloveka je;;Všeobecné informácie
Typy epitelov sú;;Všeobecné informácie
Metódy bádania pouívané v biologickıch vedách sú;;Všeobecné informácie
Všeobecné vlastnosti ivıch organizmov sú;;Všeobecné informácie
Voda;;Všeobecné informácie
Medzi aplikované biologické vedy nepatri;;Všeobecné informácie
Biotickımi faktormi prostredia sú;;Všeobecné informácie
Z disacharidov sa v bunkách vyskytuje;;Všeobecné informácie
Bionika patrí medzi vedy;;Všeobecné informácie
O regulaènıch mechanizmoch mnohobunkovıch organizmov platí, e;;Všeobecné informácie
Ktoré polysacharidy majú zásobnú funkciu;;Všeobecné informácie
Medzi samostatné biologické vedy nepatrí;;Všeobecné informácie
Biológia;;Všeobecné informácie
Abiotickımi faktormi prostredia sú;;Všeobecné informácie
Bielkoviny;;Všeobecné informácie
Priemerné zastúpenie najdôleitejších zlúèenín v ivıch organizmoch je;;Všeobecné informácie
Akı je vıznam bielkovín;;Všeobecné informácie
Charakteristiky, ktoré definujú organizmus ako jedinca sú;;Všeobecné informácie
Histológia;;Všeobecné informácie
Virológia je;;Všeobecné informácie
K vıznamnım vedcom, ktorí ili v 18.storoèí patrí;;Všeobecné informácie
Bakteriológia;;Všeobecné informácie
Traubeho mechúrik je;;Všeobecné informácie
Fyziológia sa zaoberá;;Bunková biológia
Transportné proteíny plazmatickej membrány sú;;Bunková biológia
Na povrchu buniek sa môe nachádza;;Bunková biológia
Jadro prokaryotickıch buniek;;Bunková biológia
Telová bunka èloveka má za normálnych okolností;;Bunková biológia
Bunkové delenie sa zastaví;;Bunková biológia
Pre G1 fázu bunkového cyklu je charakteristické;;Bunková biológia
Èo sú aktivátory enzımov;;Bunková biológia
Èo patrí k membránovej sústave eukaryotickıch buniek;;Bunková biológia
Biomembrány sa skladajú z;;Bunková biológia
V metafáze mitózy sa chromozómy;;Bunková biológia
Z ko¾kıch biomembrán sú tvorené mitochondrie;;Bunková biológia
Medzi organely eukaryotickıch buniek patrí;;Bunková biológia
Akı tvar majú mimojadrové chromozómy eukaryotickıch buniek;;Bunková biológia
Nepriame delenie eukaryotickej bunky sa nazıva;;Bunková biológia
Rıchlos difúzie závisí od;;Bunková biológia
Priebeh bunkového cyklu a jeho reguláciu mono dobre sledova na bunkách pestovanıch mimo organizmu;;Bunková biológia
Lyzozómy;;Bunková biológia
Medzi fázy mitotického delenia v eukaryotickıch bunkách patrí;;Bunková biológia
V ktorej fáze mitózy sa chromozómy skracujú a hrubnú;;Bunková biológia
Ako sa nazıvajú bunky s jednou chromozómovou sadou;;Bunková biológia
Generaèná doba bunky je;;Bunková biológia
Bunková stena eukaryotickej bunky môe obsahova;;Bunková biológia
Kde sa nachádzajú jadrové póry;;Bunková biológia
Osobitnı typ bunkového cyklu, ktorım vznikajú pohlavné bunky sa nazıva;;Bunková biológia
Bunka priemerne obsahuje;;Bunková biológia
Gény v bunke sa môu nachádza;;Bunková biológia
Plazmatická membrána buniek je;;Bunková biológia
Jeden z dôleitıch metabolickıch procesov v bunke, pri ktorom sa tvoria nové molekuly bielkovín sa nazıva;;Bunková biológia
K základnım funkciám bunky patrí;;Bunková biológia
Chromozómy môeme nájs;;Bunková biológia
V kadej bunke rozlišujeme;;Bunková biológia
Ako sa nazıvajú bunky, ktoré sa nekoordinovane delia a ohrozujú celistvos organizmu;;Bunková biológia
Ako sa volá proces, pri ktorom sa materská eukaryotická bunka rozdelí na dve rovnocenné dcérske bunky;;Bunková biológia
Schopnost' bunky pohlcovat mikroorganizmy sa nazıva;;Bunková biológia
Autotrofné bunky môu vyuíva energiu;;Bunková biológia
Súhrn regulaènıch procesov v bunke nazıvame;;Bunková biológia
Eukaryotickımi bunkami sú tvorené;;Bunková biológia
Ribozómy;;Bunková biológia
Ktoré vıznamné polysacharidy obsahuje rastlinná bunka;;Bunková biológia
Z akej bunky vzniká jedinec pri nepohlavnom rozmnoovaní;;Bunková biológia
Kde sa môu nachádza gény v prokaryotickıch bunkách mimo jadra;;Bunková biológia
Mitotickı aparát je tvorenı z;;Bunková biológia
Fosfolipidy v biomembráne sú usporiadané;;Bunková biológia
Syntéza bielkovín prebieha;;Bunková biológia
Vyskytujú sa gény eukaryotickıch buniek mimo jadra;;Bunková biológia
Základné regulaèné mechanizmy úèinnosti enzımov v bunke sú;;Bunková biológia
Cytológia je;;Bunková biológia
Somatická hybridizácia buniek: ;;Bunková biológia
Ko¾kımi biomembránami je obalené jadro;;Bunková biológia
Èo vykonáva funkciu lyzozómov v rastlinnıch bunkách;;Bunková biológia
Osmotická lıza bunky je jav;;Bunková biológia
Preèo je polopriepustnos plazmatickej membrány pre bunky zásadnou nevyhnutnosou;;Bunková biológia
Jadro;;Bunková biológia
Syntetickımi centrami buniek sú;;Bunková biológia
Keï sa osmotická hodnota prostredia zhoduje s osmotickou hodnotou bunky, je prostredie;;Bunková biológia
Glykogén je;;Bunková biológia
K replikácii DNA v bunke dochádza v;;Bunková biológia
Ako sa nazıva fáza bunkového cyklu, v ktorej prebieha replikácia jadrovej DNA a zdvojenie jadrovıch chromozómov;;Bunková biológia
Cytokinéza je;;Bunková biológia
Uveïte, ktoré látky sú osmoticky najúèinnejšie;;Bunková biológia
Ako sa nazıvajú ohranièené sústavy, v ktorıch prebieha vımena látok, energie a informácií;;Bunková biológia
Mitochondrie sú;;Bunková biológia
Aké formy endocytózy poznáte;;Bunková biológia
Bunky sa môu rozmnoova;;Bunková biológia
Všeobecnı mechanizmus vıdaja látok z buniek sa nazıva;;Bunková biológia
Medzi látky vstupujúce do bunky vo¾nou difúziou patri;;Bunková biológia
Bunka vyuíva osmotickú energiu na;;Bunková biológia
Jadierko sa skladá z;;Bunková biológia
Bunka sa v meióze rozdelí;;Bunková biológia
Ktoré monosacharidy sa vyskytujú v bunke;;Bunková biológia
Energia v bunke sa uvo¾òuje;;Bunková biológia
Vakuoly môeme nájs;;Bunková biológia
Pod¾a štruktúry delíme bunky na;;Bunková biológia
Enzymatická sústava oxidatívnej fosforylácie je lokalizovaná v;;Bunková biológia
K najdôleitejším mechanizmom, ktorımi sa uskutoèòuje príjem látok do bunky patri;;Bunková biológia
Chromatín tvorí;;Bunková biológia
Vyskytujú sa v cytoplazme buniek húb plastidy;;Bunková biológia
Bunkové organely, ktorıch základom sú biomembrány sa všeobecne nazıvajú;;Bunková biológia
Blastoméry sú;;Bunková biológia
V anafáze mitózy;;Bunková biológia
Bunkovı cyklus je;;Bunková biológia
V telofáze mitózy;;Bunková biológia
Vısledkom meiotického delenia buniek sú;;Bunková biológia
Z buniek ektodermy sa diferencujú;;Bunková biológia
Cytoskeletná sústava bunky;;Bunková biológia
Predpokladom identity genómov materskej a dcérskych buniek pri bunkovom delení je;;Bunková biológia
Hlavnı kontrolnı uzol bunkového cyklu sa nachádza v;;Bunková biológia
O chemickom zloení bunkovej steny eukaryotickej bunky platí, e;;Bunková biológia
Plazmodezmy sú;;Bunková biológia
Ribozómy prokaryotickıch buniek;;Bunková biológia
Poèet gonozómov v normálnej somatickej bunke mua aj eny je;;Bunková biológia
Eukaryotická bunka sa v mitóze rozdelí;;Bunková biológia
Bunka priemerne;;Bunková biológia
Fázy bunkové cyklu eukaryotickıch buniek za normálnych okolnosti relatívne v priemere trvajú (ak cely cyklus je 100%);;Bunková biológia
Èo sú lyzozómy;;Bunková biológia
K bunkovım štruktúram, ktoré nie sú zloené z membrány patria;;Bunková biológia
Ribozómy eukaryotickıch buniek;;Bunková biológia
Zo sacharidov sa v bunke vyskytujú;;Bunková biológia
Pre jednotlivé fázy bunkového cyklu eukaryotickej bunky platí;;Bunková biológia
K fázam mitózy nepatri;;Bunková biológia
Dusíkové bázy sú v DNA komplementárne v pároch;;Bunková biológia
Majú plazmidy schopnos replikova sa samostatne;;Bunková biológia
Ako sa volá proces, vzniku dvoch novıch a rovnakıch molekúl DNA, identickıch s pôvodnou molekulou;;Bunková biológia
Akı vıznam majú plazmidy z h¾adiska lekárskej praxe;;DNA a RNA
Základnou stavebnou jednotkou nukleovıch kyselín je;;DNA a RNA
Kedy nastáva zdvojenie molekúl DNA;;DNA a RNA
Riadiacim vzorom (matricou) pri syntéze polypeptidového reazca v bunke je molekula;;DNA a RNA
Génové ininierstvo sa zaoberá;;DNA a RNA
Nositel'om mimojadrovıch génov je;;DNA a RNA
Molekulu DNA tvoria;;DNA a RNA
Podl'a úseku CAT AAG TAC AAC CGT CAC v DNA vznikne mRNA;;DNA a RNA
Biotechnológia;;DNA a RNA
Aké typy RNA poznáme;;DNA a RNA
Vlastnosti bielkovín, ktoré podmieòujú ich špecifické funkcie v bunke sú dané;;DNA a RNA
Èo kódujú gény pre RNA;;DNA a RNA
Èo rozumieme pod pojmom expresia štruktúrneho génu;;DNA a RNA
K základnım typom génov patria;;DNA a RNA
Plazmidy sú;;DNA a RNA
Èo je translácia;;DNA a RNA
Sekvencia antikodónov tRNA pri syntéze bielkoviny pod¾a pôvodného úseku génu v DNA CAA AAC TGT GCG TCA TTA CCA je;;DNA a RNA
Štruktúrny gén nesie;;DNA a RNA
Kodón je;;DNA a RNA
Medzi obidvoma polynukleotidovımi reazcami DNA existuje dôleitı vzah nazıvanı;;DNA a RNA
Èo je transkripcia;;DNA a RNA
Uveïte jednotlivé monosti komplementarity báz tRNA a mRNA;;DNA a RNA
Genetická informácia v molekulách DNA je uloená;;DNA a RNA
Komplementárne vlákno k úseku reazca ACT GCT TGT GTC AGT AA v DNA je;;DNA a RNA
Gény v plazmidoch;;DNA a RNA
Miera proteosyntézy je v bunke regulovaná:;;DNA a RNA
Špecifické trojice za sebou nasledujúcich nukleotidov v makromolekule DNA sa nazıvajú:;;DNA a RNA
Èoho sa zúèastòujú regulaèné gény:;;DNA a RNA
Chromatín sa skladá z:;;DNA a RNA
Nosite¾om genetickej informácie (génov) u väèšiny organizmov je:;;DNA a RNA
Princíp komplementarity v DNA znamená:;;DNA a RNA
Na základe komplementarity báz sa tymín viae s:;;DNA a RNA
Aké sú antikodóny v tRNA k úseku mRNA CGAUAUCGUGCU:;;DNA a RNA
Komplementárne vlákno DNA má oproti adenínu v reazci bázu:;;DNA a RNA
Komplementárne vlákno k úseku DNA GGG ATC TTC GAA je:;;DNA a RNA
Genetická informácia sa z DNA transkripciou prepisuje do:;;DNA a RNA
Iniciálky dusíkovıch báz nukleotidov sú:;;DNA a RNA
Aminokyseliny, z ktorıch sa skladajú bielkoviny:;;DNA a RNA
Na základe komplementarity báz sa uracil viae s:;;DNA a RNA
Mimojadrové molekuly DNA:;;DNA a RNA
O operóne Escherichia coli platí, e:;;DNA a RNA
Komplementárny reazec DNA má oproti:;;DNA a RNA
Akı poèet aminokyselín kóduje pri syntéze bielkovín úsek DNA ATG TCT TTT CGG GGC:;;DNA a RNA
Aminokyseliny môu by kódované:;;DNA a RNA
Akı bol úsek štruktúrneho génu, keï poradie báz v mRNA je GGA UAU CGU GCU:;;DNA a RNA
O syntéze RNA platí, e:;;DNA a RNA
Na základe komplementarity báz sa adenín viae s:;;DNA a RNA
DNA a RNA sa líšia:;;DNA a RNA
Dusíková báza uracil sa nachádza:;;DNA a RNA
Správna komplementarita báz DNA - mRNA pri transkripcii je:;;DNA a RNA
O syntéze DNA platí:;;DNA a RNA
Ak prepíšeme informáciu kodónov DNA CGT GGA TCC AAT do kodónov mRNA dostaneme:;;DNA a RNA
Aká je štruktúra komplementárnej èasti druhého vlákna DNA k úseku reazca AGA TCC GGG TTT:;;DNA a RNA
Aké je poradie nukleotidov mRNA transkribovanıch pod¾a úseku DNA TTC CCG GGG ATC C:;;DNA a RNA
Mimojadrové gény sa do ïalších generácií:;;DNA a RNA
Na základe komplementarity báz sa cytozín viae s:;;DNA a RNA
O syntéze bielkovín môeme správne tvrdi, e:;;DNA a RNA
RNA je nosite¾om genetickej informácie u:;;DNA a RNA
Nukleové kyseliny:;;DNA a RNA
Na základe komplementarity báz sa guanín viae s:;;DNA a RNA
Ak sú tRNA antikodóny GCA a GUA, aká bola sekvencia DNA v štruktúrnom_géne:;;DNA a RNA
Kedy vznikajú dedièné vıvinové chyby u èloveka:;;Genetika
Akú krvnú skupinu môe ma diea, keï matka má krvnú skupinu 0 a otec A:;;Genetika
Pri genómovıch mutáciách:;;Genetika
Èo je genetika:;;Genetika
Ko¾ko génov lokalizovanıch v heterologickej èasti chromozómu X poznáme:;;Genetika
Zdravi manelia majú dvoch synov, jeden z nich je daltonik. Aké sú genotypy obidvoch manelov:;;Genetika
Fenotypovı štiepny pomer pri kríení heterozygota s homozygotom recesívnym pri monohybridizme pri úplnej dominancii je:;;Genetika
Ako oznaèujeme proces kríenia dvoch jedincov, pri ktorom sledujeme prenos jedného génu, t.j. jedného alelového páru:;;Genetika
Úlohou genetickej prognózy je:;;Genetika
Daltonizmus je podmienenı:;;Genetika
Galaktozémia sa dedí: ;;Genetika
Genotyp jedinca homozygota recesívneho pre uvedené znaky je:;;Genetika
Matka má krvnú skupinu A. Otec má krvnú skupinu AB. Akú krvnú skupinu môe ma ich diea:;;Genetika
Nález Y chromozómu v karyotype znamená:;;Genetika
Fenotypovı štiepny pomer pri kríení dvoch heterozygotov s úplnou dominanciou pri monohybridizme je:;;Genetika
K základnım metódam š¾achtite¾stva patri:;;Genetika
Intermediarita je:;;Genetika
S akou pravdepodobnosou môe mat' ena prenášaèka daltonizmu s muom daltonikom farboslepú dcéru:;;Genetika
Obaja rodièia majú krvnú skupinu AB. Akú krvnú skupinu môu ma ich deti:;;Genetika
Hemofília (dedièná krvácavos) sa vyskytuje:;;Genetika
Pojem uniformita hybridov znamená, e:;;Genetika
Súbor všetkıch génov v jednej bunke sa nazıva:;;Genetika
Hmotnım základom dediènosti je:;;Genetika
Genotyp dihybrida homozygota dominantného pre prvı znak a homozygota recesívneho pre druhı znak je:;;Genetika
Mutácie rozoznávame:;;Genetika
Obidve deti majú krvnú skupinu 0. Aké krvné skupiny môu mat' ich rodièia:;;Genetika
Genetickou schémou kríenia heterozygota s homozygotom recesívnym je:;;Genetika
Obidvaja rodièia majú heterozygotne krvnú skupinu B. Aká je pravdepodobnos. e ich deti budú ma krvnú skupinu B:;;Genetika
Pri neúplnej dominancii alely B nad alelou b je heterozygot Bb fenotypovo:;;Genetika
Genotyp jedinca homozygota dominantného pre uvedené znaky je:;;Genetika
Mutagény:;;Genetika
Génové mutácie:;;Genetika
Ko¾ko autozómov obsahuje telová bunka èloveka:;;Genetika
Pohlavné chromozómy u ivoèíšnych druhov:;;Genetika
ena, prenášaèka hemofílie bude ma diea s hemofilikom. Môu ma aj zdravého syna:;;Genetika
Obaja rodièia majú heterozygotne krvnú skupinu B. Ich deti môu mat' krvnú skupinu:;;Genetika
Matka má krvnú skupinu 0, otec AB. Akú krvnú skupinu môu mat' ich deti:;;Genetika
Galaktozémia je:;;Genetika
Do ko¾kıch skupín sú usporiadané chromozómy v karyotype èloveka:;;Genetika
Jeden rodiè má heterozygotne krvnú skupinu A, druhy heterozygotne krvnú skupinu B. Akú krvnú skupinu môe mat' ich diea:;;Genetika
Jeden z rodièov má heterozygotne krvnú skupinu A, druhı homozygotne A._Ich deti môu ma krvnú skupinu:;;Genetika
Fenotyp je:;;Genetika
Pri úplnej dominancii alely A nad alelou a je heterozygot Aa fenotypovo:;;Genetika
Môu mat' manelia daltonici farboslepé diea:;;Genetika
Súbor genotypovo a fenotypovo zhodnıch jedincov sa nazıva:;;Genetika
Obaja rodièia majú heterozygotne krvnú skupinu A. Ich deti môu mat' krvnú skupinu:;;Genetika
Rh faktor sa dedí ako znak:;;Genetika
Príkladom mendelovskej dediènosti normálneho ¾udského znaku je dediènos:;;Genetika
Genotyp jedinca heterozygota pre uvedené znaky je:;;Genetika
Polyploidia je:;;Genetika
Èo rozumieme pod pojmom polygénny systém pri dediènosti kvantitatívnych znakov:;;Genetika
Segregácia chromozómov je:;;Genetika
Budú deti farboslepej eny a zdravého mua schopné rozoznáva èervenú a zelenú farbu:;;Genetika
Asi ko¾ko dediènıch chorôb pozná v súèasnosti medicína: ;;Genetika
Genetickou schémou kríenia dvoch heterozygotov je:;;Genetika
Zmenu genofondu spôsobuje:;;Genetika
Ko¾kımi alelami je zastúpenı kadı gén v somatickej diploidnej bunke:;;Genetika
Ko¾ko chromozómov má somatická bunka èloveka:;;Genetika
Genofond je:;;Genetika
Aké je chromozómové urèenie pohlavia u:;;Genetika
Nezávislé skupiny èinite¾ov zapríèiòujúce premenlivos organizmov sú:;;Genetika
Gonozómy sú:;;Genetika
Karyotyp je:;;Genetika
Príkladom molekulovej choroby èloveka je:;;Genetika
Jeden z rodièov má krvnú skupinu A, druhy B. Ich deti môu ma krvné skupiny:;;Genetika
Pri monohybridnom kríení vzniká èistá línia, ak kríime:;;Genetika
Mutáciou sa môe zmeni:;;Genetika
Genotyp dihybrida homozygota recesívneho pre prvı znak a heterozygota pre druhı znak je:;;Genetika
Z dvoch detí je syn hemofilik a dcéra homozygotne zdravá. Aké sú genotypy ich rodièov:;;Genetika
K dediènım chorobám viazanım na heterochromozóm X u èloveka patri:;;Genetika
Pri kríení dvoch rôznych homozygotov (AA x aa), pri úplnej dominancii, je potomstvo v F1:;;Genetika
V potomstve kríenia dvoch heterozygotov (pri monohybridizme) je podiel dominantnıch homozygotov:;;Genetika
Aneuploidia je:;;Genetika
Farboslepos (daltonizmus) sa vyskytuje:;;Genetika
Genotypovı štiepny pomer potomstva pri kríení dvoch heterozygotov pri monohybridizme je:;;Genetika
Fenotypy u potomstva pri monohybridizme s neúplnou dominanciou v F2 generácii sú:;;Genetika
V genetickıch pokusoch sa èasto pouívali:;;Genetika
Chromozómy jedného páru, ktoré majú rovnakı tvar a ve¾kos:;;Genetika
K systému vıberu osôb na genetickı vıskum patrí:;;Genetika
Polygénny systém sa skladá z:;;Genetika
Otec a syn sú daltonici, kım matka rozlišuje farby normálne. Zdedil syn túto chorobu po otcovi:;;Genetika
Väzbová skupina génov je:;;Genetika
Schému, na ktorej sú gény na chromozóme usporiadané pod¾a ich poradia a vzdialenosti nazıvame:;;Genetika
Brat má krvnú skupinu AB, jeho sestra má krvnú skupinu 0. Genotypy krvnıch skupín ich rodièov sú:;;Genetika
Najviac ko¾ko generácií u èloveka môe objektívne sledova genetik:;;Genetika
Fenotypovı štiepny pomer v F2 u dihybridizmu s úplnou dominanciou je:;;Genetika
Gény:;;Genetika
Preèo nie je moné skúma dediènos èloveka metódou kríenia:;;Genetika
Obaja rodièia majú homozygotne krvnú skupinu A. Ich deti môu mat krvnú_skupinu:;;Genetika
Súbor všetkıch génov ivého organizmu sa nazıva:;;Genetika
Chromozómové mutácie:;;Genetika
Ko¾ko chromozómov obsahuje jedna chromozómová sada èloveka:;;Genetika
Kvalitatívne znaky sú:;;Genetika
Pri znaku recesívne dediènom, ktorého alela je na X chromozóme, budú:;;Genetika
Genotyp dihybrida homozygota recesívneho pre prvı znak a homozygota dominantného pre druhı znak je:;;Genetika
Variabilita:;;Genetika
Matka má heterozygotne krvnú skupinu A, jej diea má homozygotne krvnú skupinu A. Akú krvnú skupinu môe ma otec dieaa:;;Genetika
Otec má homozygotne krvnú skupinu A a matka má heterozygotne krvnú skupinu B. Ich deti môu mat krvnú skupinu:;;Genetika
U starej matky sa vyskytol autozomálne dominantnı znak. Jej dcéra tento znak nemá. Aká je pravdepodobnos', e vnúèa bude ma tento znak, ak je jeho otec recesívny homozygot pre danı znak:;;Genetika
O spontánnych mutáciách platí, e:;;Genetika
V potomstve kríenia dvoch heterozygotov (pri monohybridizme) je podiel heterozygotov:;;Genetika
Dcéra rozoznáva normálne èervenú a zelenú farbu, avšak jej matka je farboslepá. Dcéra sa vydala a jej manel nemá problémy pri rozlišovaní farieb. O pravdepodobnosti, e ich dcéra bude farboslepá platí, e:;;Genetika
Pri kríení dvoch rozliènıch homozygotov (pri monohybridizme) platí, e:;;Genetika
Pri kríení dvoch rovnakıch homozygotov (pri monohybridizme) platí, e:;;Genetika
O chromozómoch buniek èloveka platí, e:;;Genetika
Heterozygot:;;Genetika
O dihybridizme platí, e:;;Genetika
U starej matky sa vyskytol autozomálne recesívny znak. Jej dcéra tento znak nemá. Aká je pravdepodobnos, e ani vnúèa nebude ma tento znak, ak je jeho otec dominantnı homozygot pre danı znak:;;Genetika
Genotyp jedinca homozygota dominantného pre uvedené znaky je:;;Genetika
Pri kríení heterozygota s homozygotom recesívnym platí, e:;;Genetika
Ak má jedinec genotyp:;;Genetika
Matka má krvnú skupinu B a jej diea má krvnú skupinu A. Otcom dieaa môe by mu s krvnou skupinou:;;Genetika
Genotyp dihybrida heterozygota pre prvı znak a homozygota recesívneho pre druhı znak je:;;Genetika
Mutácie, pri ktorıch sa mení poèet chromozómov, ale nemenia sa gény ani štruktúra chromozómov sa nazıvajú:;;Genetika
O génoch malého úèinku platí, e:;;Genetika
Obidvaja rodièia majú krvnú skupinu A. Ich deti môu mat' krvné skupiny:;;Genetika
Prapohlavné bunky mnohobunkovıch organizmov, z ktorıch vznikajú gaméty:;;Genetika
Genotyp je:;;Genetika
Dcéra rozoznáva normálne èervenú a zelenú farbu, avšak jej matka je farboslepá._Dcéra sa vydala a jej manel nemá problémy pri rozlišovaní farieb._O pravdepodobnosti, e ich dcéra nebude farboslepá platí, e:;;Genetika
Genotyp homozygota dominantného pre prvı znak a heterozygota pre druhı znak je:;;Genetika
Dediènos:;;Genetika
Mutácie, pri ktorıch sa menia gény, ale nemení sa štruktúra ani poèet chromozómov sa nazıvajú:;;Genetika
Dcéra rozoznáva normálne èervenú a zelenú farbu, avšak jej matka je farboslepá. Dcéra sa vydala a jej manel nemá problémy pri rozlišovaní farieb. O pravdepodobnosti e ich syn bude farboslepı platí, e:;;Genetika
Akú krvnú skupinu môe mat' otec dieaa s krvnou skupinou AB, ak jeho matka má heterozygotne A:;;Genetika
U starej matky sa vyskytol autozomálne dominantnı znak s úplnou dominanciou._Jej dcéra tento znak má (Aa). Aká je pravdepodobnos, e vnúèa bude ma tento znak ak je jeho otec heterozygot pre danı znak:;;Genetika
Genotyp jedinca heterozygota pre uvedené znaky je:;;Genetika
Chromozómová vıbava èloveka:;;Genetika
Matka má heterozygotne krvnú skupinu A, otec má kodominantne krvnú skupinu AB. Ich diea môe mat' krvnú skupinu:;;Genetika
U starej matky sa vyskytol autozomálne recesívny znak. Jej dcéra tento znak nemá. Aká je pravdepodobnos, e ani vnúèa nebude mat' tento znak, ak je jeho otec recesívny homozygot pre danı znak:;;Genetika
Môe diea zdedi farboslepos od rodièov, ak títo rozoznávajú farby normálne:;;Genetika
Ak má otec krvnú skupinu 0 a matka tie krvnú skupinu 0:;;Genetika
U starej matky sa vyskytol autozomálne dominantnı znak s neúplnou dominanciou. Jej dcéra tento znak nemá (je aa). Aká je pravdepodobnos, e vnúèa bude ma tento znak, ak je jeho otec heterozygot pre danı znak:;;Genetika
Matka rozlišuje farby normálne a nie je prenášaèka. Otec je farboslepı. O pravdepodobnosti, e ich diea bude farboslepé platí, e:;;Genetika
Najèastejšie sa vyskytujúcou aneuploídiou v našej populácii je:;;Genetika
Obidve sestry majú krvnú skupinu A. Aké môu by genotypy ich rodièov:;;Genetika
O èíselnom pomere, v ktorom sa potomstvo urèitého kríenia štiepi platí, e:;;Genetika
Pri kríení dvoch heterozygotov (pri monohybridizme) platí, e:;;Genetika
"Pojem ""panmixia"" oznaèuje:";;Genetika
Homozygot pri monohybridizme:;;Genetika
O kríení (hybridizácii) platí, e:;;Genetika
Matka je farboslepá a otec rozlišuje farby normálne. Narodil sa im syn a je farboslepı. O pravdepodobnosti e ich ïalšie diea bude farboslepé platí, e:;;Genetika
U starej matky sa vyskytol autozomálne dominantnı znak s neúplnou dominanciou. Jej dcéra tento znak nemá (je aa). Aká je pravdepodobnos, e vnúèa bude mat' tento znak, ak je jeho otec dominantnı homozygot pre danı znak:;;Genetika
U starej matky sa vyskytol autozomálne recesívny znak. Jej dcéra tento znak nemá. Aká je pravdepodobnos, e vnúèa bude ma tento znak, ak je jeho otec recesívny homozygot pre danı znak:;;Genetika
U starej matky sa vyskytol autozomálne recesívny znak. Jej dcéra tento znak nemá. Aká je pravdepodobnos, e vnúèa bude ma tento znak, ak je jeho otec dominantnı homozygot pre danı znak:;;Genetika
Genotyp jedinca homozygota recesívneho pre uvedené znaky je:;;Genetika
Sestra má krvnú skupinu A, jej brat má krvnú skupinu B. Genotypy krvnıch skupín rodièov môu by:;;Genetika
Dcéra rozoznáva normálne èervenú a zelenú farbu, avšak jej matka je farboslepá._Dcéra sa vydala a jej manel nemá problémy pri rozlišovaní farieb._O pravdepodobnosti e ich syn nebude farboslepı platí, e:;;Genetika
O génoch ve¾kého úèinku platí, e:;;Genetika
Ak má matka homozygotne krvnú skupinu B a otec heterozygotne krvnú skupinu A, ich diea môe ma:;;Genetika
Genotyp pentahybrida heterozygota pre prvı znak, dominantného homozygota pre druhı znak, heterozygota pre tretí znak, recesívneho homozygota pre štvrtı znak a dominantného homozygota pre piaty znak je:;;Genetika
V potomstve kríenia dvoch heterozygotov (pri monohybridizme) je podiel recesívnych homozygotov:;;Genetika
Genotyp trihybrida homozygota dominantného pre prvı znak, heterozygota pre druhı znak a recesívneho homozygota pre tretí znak je:;;Genetika
Alelovı pár:;;Genetika
V potomstve kríenia heterozygota s homozygotom recesívnym (pri monohybridizme) je genotypovı pomer potomkov:;;Genetika
Ak majú obaja rodièia krvnú skupinu kodominantne AB, potom ich potomkovia môu ma:;;Genetika
Gény:;;Genetika
Mutácie, pri ktorıch sa mení štruktúra chromozómov, ale nemenia sa gény ani poèet chromozómov sa nazıvajú:;;Genetika
Ako sa vyvoláva aktívna obrana pred infekciou u ¾udí:;;Virológia a baktérie
Jednobunkovce vytvárajú poèas nepriaznivıch podmienok na svojom povrchu: ;;Virológia a baktérie
Onkogénne vírusy môu vyvoláva:;;Virológia a baktérie
Majú jednobunkové organizmy vyvinuté jednoduché regulácie:;;Virológia a baktérie
Jednobunkové organizmy vytvárajúce panôky sú:;;Virológia a baktérie
Meòavky radíme medzi:;;Virológia a baktérie
Medzi jednobunkovce patria:;;Virológia a baktérie
Komár rodu Anofeles prenáša pôvodcu:;;Virológia a baktérie
Vírusy môu by tvorené:;;Virológia a baktérie
Kde sa nachádzajú protilátky v krvi:;;Virológia a baktérie
Ktoré baktérie trvalo ijú v hrubom èreve:;;Virológia a baktérie
K aktívnej imunizáciou organizmu dochádza po podaní:;;Virológia a baktérie
Antigén je:;;Virológia a baktérie
Pôsobením hnilobnıch baktérii sa uvo¾òuje: ;;Virológia a baktérie
O vznik bakteriológie sa zaslúili:;;Virológia a baktérie
Voš šatová prenáša pôvodcov:;;Virológia a baktérie
ardia èrevná sa vyskytuje:;;Virológia a baktérie
Ktoré typy N-baktérií sa podie¾ajú na premene dusíkatıch látok:;;Virológia a baktérie
Hepatitis epidemica je:;;Virológia a baktérie
Blchy prenášajú pôvodcov:;;Virológia a baktérie
Bunková stena rozsievok je prestúpená:;;Virológia a baktérie
Vírusy sa rozmnoujú:;;Virológia a baktérie
Jednobunkové organizmy odstraòujú odpadové látky:;;Virológia a baktérie
Aké typy vakuol nachádzame u meòaviek:;;Virológia a baktérie
Bunka baktérie sa rozmnouje:;;Virológia a baktérie
Mureín je:;;Virológia a baktérie
Meòavka, ktorá parazituje v malpigickıch trubiciach sa nazıva:;;Virológia a baktérie
Ktoré jednobunkovce vytvárajú kolónie:;;Virológia a baktérie
Streptokoky:;;Virológia a baktérie
T - lymfocyty zodpovedajú za:;;Virológia a baktérie
Pôvodcami malárie sú:;;Virológia a baktérie
Povrchová tenká blana jednobunkovcov sa nazıva:;;Virológia a baktérie
Vírusy u èloveka vyvolávajú:;;Virológia a baktérie
Bunky zodpovedné za aktívnu imunizáciu sú: ;;Virológia a baktérie
Medzi koreòonoce nepatri:;;Virológia a baktérie
Od akého typu bièíkovcov mono odvodi mohobunkovce:;;Virológia a baktérie
Baktérie mono nájs:;;Virológia a baktérie
Medzi endoparazity sa zaraïujú aj niektoré:;;Virológia a baktérie
Baktérie vyvolávajú:;;Virológia a baktérie
Èo vytvárajú baktérie v nepriaznivıch podmienkach:;;Virológia a baktérie
Imunoglobulíny sú:;;Virológia a baktérie
Pod¾a spôsobu vzniku a funkcie rozoznávame lymfocyty:;;Virológia a baktérie
Oèkovanie je zaloené na:;;Virológia a baktérie
Hemosporídie sa rozmnoujú:;;Virológia a baktérie
Ktorá skupina prvokov sa vyznaèuje prítomnosou dvoch jadier:;;Virológia a baktérie
Je jadro prokaryotickıch buniek ohranièené biomembránou:;;Virológia a baktérie
Kde sa rozmnoujú vírusy:;;Virológia a baktérie
Ako sa volá bièíkovec, ktorı parazituje na pokoke a v iabrach rıb:;;Virológia a baktérie
Stafylokoky:;;Virológia a baktérie
Medzi prokaryotické organizmy patria:;;Virológia a baktérie
B - lymfocyty zodpovedajú za:;;Virológia a baktérie
Bakteriofág je:;;Virológia a baktérie
Akú funkciu majú v organizme T-lymfocyty:;;Virológia a baktérie
Èo patrí k prejavom priamo súvisiacim s nešpecifickou bunkovou imunitou:;;Virológia a baktérie
Ktorı typ baktérií sa podie¾a na uvo¾òovaní dusíka do ovzdušia:;;Virológia a baktérie
Antigény erytrocytov:;;Virológia a baktérie
V ktorıch prokaryotickıch bunkách sa nachádzajú tylakoidy:;;Virológia a baktérie
Aká je priemerná ve¾kos baktérií:;;Virológia a baktérie
Nešpecifická imunita je:;;Virológia a baktérie
Apicomplexa:;;Virológia a baktérie
Èo je bakteriochlorofyl:;;Virológia a baktérie
Èo je prejavom protilátkovej špecifickej imunitnej reakcie:;;Virológia a baktérie
Ochrannı zákrok v èase, keï ešte nenastalo nebezpeèenstvo infekcie sa nazıva:;;Virológia a baktérie
U ktorıch ivoèíchov sa vyskytuje špecifická imunitná reakcia:;;Virológia a baktérie
Priame dodanie hotovıch protilátok do organizmu sa nazıva:;;Virológia a baktérie
Hemosporídie prekonávajú vıvoj:;;Virológia a baktérie
Pôvodcu tuberkulózy objavil:;;Virológia a baktérie
Aké formy imunitnej reakcie poznáte:;;Virológia a baktérie
Medzi bièíkaté baktérie patria:;;Virológia a baktérie
Bielkovinovı obal vírusu sa nazıva:;;Virológia a baktérie
Na svoj vıvin hemosporídie potrebujú hostite¾ov:;;Virológia a baktérie
Èo sprostredkuje bunkovú špecifickú imunitnú reakciu:;;Virológia a baktérie
Z hlavièky a bièíka sa skladá vírus:;;Virológia a baktérie
Spóra bakteriálnej bunky sa od materskej bunky odlišuje:;;Virológia a baktérie
Èo môe by na povrchu bielkovinového obalu väèšieho vírusu:;;Virológia a baktérie
K jednobunkovcom patria kmene:;;Virológia a baktérie
Meòavku dyzenterickú systematicky zatrieïujeme:;;Virológia a baktérie
Jednobunkovce:;;Virológia a baktérie
ardia èrevná a Bièovka rybia:;;Virológia a baktérie
Látka, ktorou sa fotosyntetizujúce baktérie líšia od prokaryotickıch aj eukaryotickıch rastlín sa nazıva:;;Virológia a baktérie
Ktorı vırok platí pre koreòonoce:;;Virológia a baktérie
K jednobunkovcom nepatria:;;Virológia a baktérie
Bièíkovce:;;Virológia a baktérie
O AIDS platí, e:;;Virológia a baktérie
O aglutinogénoch èloveka platí, e:;;Virológia a baktérie
Medzi ochorenia ivoèíchov alebo èloveka, ktoré vyvolávajú vírusy patri:;;Virológia a baktérie
Pelikula:;;Virológia a baktérie
K jednobunkovım organizmom patria:;;Virológia a baktérie
Èo platí o vıtrusovcoch:;;Virológia a baktérie
O vírusoch sú pravdivé tvrdenia, e:;;Virológia a baktérie
Prokaryotickı chromozóm:;;Virológia a baktérie
O vírusoch platí, e:;;Virológia a baktérie
Patogénne baktérie môu spôsobova:;;Virológia a baktérie
Paramecín je:;;Virológia a baktérie
Autotrofné organizmy:;;Virológia a baktérie
Transpirácia je:;;Rastliny a huby
Tylakoidy sú:;;Rastliny a huby
U siníc nachádzame:;;Rastliny a huby
Na pohybe transpiraèného prúdu rastlín sa zúèastòuje:;;Rastliny a huby
Svetelnú fázu fotosyntézy spojenú s premenou energie pokladáme za:;;Rastliny a huby
Zdrojom uhlíka pre autotrofné rastliny je:;;Rastliny a huby
Vápnik v rastlinnom organizme:;;Rastliny a huby
Fotoperiodizmus je prispôsobenie sa rastliny:;;Rastliny a huby
"K ""hnedej vıvojovej vetve"" rias patri:";;Rastliny a huby
Zygomycéty sa rozmnoujú:;;Rastliny a huby
Ktorı druh sIneèného iarenia je pre zelené rastliny priamym zdrojom energie:;;Rastliny a huby
Ako sa volá tlak, ktorı umoruje pohyb vody v koreni a vytláèa vodu do vyššie poloenıch pletív:;;Rastliny a huby
Podstatnú èas lišajníkov môe tvori symbióza:;;Rastliny a huby
Ktorá generácia prevláda v individuálnom vıvine machorastov:;;Rastliny a huby
Priebeh fotosyntézy najúèinnejšie ovplyvòuje svetlo:;;Rastliny a huby
Fytoncidy sú:;;Rastliny a huby
Spájavky patria medzi:;;Rastliny a huby
Oddelenia vyšších rastlín sú:;;Rastliny a huby
Transpiráciu rastlín ovplyvòujú:;;Rastliny a huby
Pohyby rastlín mono rozdeli na:;;Rastliny a huby
Rizomoid je:;;Rastliny a huby
Hnedé riasy majú chlorofyl:;;Rastliny a huby
Vodnı potenciál bunky vyjadruje:;;Rastliny a huby
Kyselina abscisová ako inhibítor:;;Rastliny a huby
Vodu vydáva rastlina v plynnom stave transpiráciou a v kvapalnom stave:;;Rastliny a huby
Èo sú endomycéty:;;Rastliny a huby
Rodozmena je:;;Rastliny a huby
Sporofyt je:;;Rastliny a huby
Pod¾a dvojice chlorofylov mono riasy deli' na:;;Rastliny a huby
Ktorá z vymenovanıch húb je jedlá:;;Rastliny a huby
V sekundárnych procesoch fotosyntézy sa:;;Rastliny a huby
O lišajníkoch sú správne tvrdenia:;;Rastliny a huby
Koreò má funkciu:;;Rastliny a huby
Medzi Endomycéty patri:;;Rastliny a huby
Tlakovı potenciál sa prejavuje:;;Rastliny a huby
Hlavnımi orgánmi transpirácie sú:;;Rastliny a huby
Kambium je:;;Rastliny a huby
Osmotická hodnota rastlinnej bunky závisí od:;;Rastliny a huby
Krytosemenné rastliny sa rozšírili v:;;Rastliny a huby
Pri pasívnom príjme molekuly vody difundujú cez vo¾né submikroskopické priestory v bunkovıch stenách, ich difúziu umoòuje:;;Rastliny a huby
Do ktorého oddelenia zaraïujeme triedu peèeòovky:;;Rastliny a huby
Najvıznamnejším procesom prebiehajúcim v chloroplastoch je:;;Rastliny a huby
Keï rastlinu zbavíme vody, získame:;;Rastliny a huby
Èo sú saprofyty:;;Rastliny a huby
Mykoríza je:;;Rastliny a huby
Zásobnou látkou húb je:;;Rastliny a huby
Aktivita vody v bunkách nezávisí od jej mnostva, ale od jej stavu, ktorı je vyjadrenı:;;Rastliny a huby
Ako sa nazıva zelené farbivo rastlín, ktoré má dôleitú úlohu v procese fotosyntézy:;;Rastliny a huby
Z kultúrnych rastlín má pomerne ve¾a eleza:;;Rastliny a huby
Zvıšením teploty po optimálnu teplotu sa fotosyntéza zrıch¾uje, ïalším zvyšovaním teploty sa proces:;;Rastliny a huby
Fotosyntéza vyšších rastlín sa uskutoèòuje v:;;Rastliny a huby
Medzi poloparazity patria:;;Rastliny a huby
Pod ontogenézou rastlín rozumieme:;;Rastliny a huby
Kvasinka vínna:;;Rastliny a huby
Huby patria medzi organizmy:;;Rastliny a huby
Za primárne procesy fotosyntézy pokladáme:;;Rastliny a huby
Mykoríza je:;;Rastliny a huby
Ako sa nazıvajú rastliny, ktoré ijú autotrofno-heterotrofnım spôsobom ivota:;;Rastliny a huby
Intenzitu fotosyntézy ovplyvòujú:;;Rastliny a huby
Proces prijatia uhlíka z oxidu uhlièitého za spoluúèasti iarivej energie a jeho zabudovávanie do organickıch zlúèenín nazıvame:;;Rastliny a huby
"K ""zelenej vıvojovej vetve"" rias patri:";;Rastliny a huby
K smrte¾ne jedovatım druhom húb patrí:;;Rastliny a huby
O tropizme hovoríme, keï:;;Rastliny a huby
Èo je kutikula:;;Rastliny a huby
Tmavı rokovitı útvar - náme¾:;;Rastliny a huby
Rod kvasinky patri do triedy:;;Rastliny a huby
Základné fyziologické funkcie zeleného listu sú:;;Rastliny a huby
Akı je rozdiel medzi tropizmom a nastiou:;;Rastliny a huby
Herbicídy mono charakterizova ako:;;Rastliny a huby
Penicillium notatum patrí medzi:;;Rastliny a huby
Obdobie vegetaèného pokoja oznaèujeme ako:;;Rastliny a huby
Z rastlinnıch orgánov najviac fosforu obsahujú:;;Rastliny a huby
Fotosyntéza prebieha v tepelnom rozmedzí:;;Rastliny a huby
Vyššie rastliny:;;Rastliny a huby
Bunka húb:;;Rastliny a huby
Ktoré sú typické èasti kvetu magnóliorastov:;;Rastliny a huby
Priraïte k vıvojovému stupòu stielky typického predstavite¾a:;;Rastliny a huby
Bunka húb z polysacharidov obsahuje:;;Rastliny a huby
Ktoré látky sa nenachádzajú v hubách:;;Rastliny a huby
Ktoré z uvedenıch sú oddeleniami vyšších rastlín:;;Rastliny a huby
Ktoré tvrdenie platí o machorastoch:;;Rastliny a huby
Pre oddelenie borovicorastov sú typickımi znakmi:;;Rastliny a huby
Oddeleniami vyšších rastlín sú:;;Rastliny a huby
Telo ryniorastov tvorí:;;Rastliny a huby
Ktoré rastliny zaraïujeme do triedy Bryatae:;;Rastliny a huby
Ktoré bunkové organely obsahuje bunka húb:;;Rastliny a huby
Èo zabezpeèuje siniciam modrozelené sfarbenie:;;Rastliny a huby
O placentovcoch sú správne tvrdenia:;;ivoèíchy
Korytnaèky zaraïujeme do:;;ivoèíchy
Èlánkonoce:;;ivoèíchy
Obojivelníky:;;ivoèíchy
Medzi ploskonosé opice patria:;;ivoèíchy
Ktoré dva odlišné typy pàhlivcov poznáte:;;ivoèíchy
Podtriedy cicavcov sú:;;ivoèíchy
Oznaète správne usporiadanie systematickıch jednotiek od najvyššej po najnišiu:;;ivoèíchy
Pavúkovce:;;ivoèíchy
Medzi najznámejšie rady pavúkovcov patria:;;ivoèíchy
Štádium polypa pozorujeme u:;;ivoèíchy
Ako sa volajú nepàhlivce, ktoré majú rebrovité pásy:;;ivoèíchy
Medzi Anamnia patria:;;ivoèíchy
Nezmara zaraïujeme do:;;ivoèíchy
Medzi bezzubé ve¾ryby patrí:;;ivoèíchy
Kruhoústnice:;;ivoèíchy
Triedami pàhlivcov sú:;;ivoèíchy
Kam zaraïujeme Ascídie:;;ivoèíchy
Uveïte kôrovce, ktoré sú dôleitou potravou rıb:;;ivoèíchy
Ktoré skupiny koreòonocov sú morské ivoèíchy:;;ivoèíchy
Amniota:;;ivoèíchy
ivoèíchy (Animalia):;;ivoèíchy
Kopijovce:;;ivoèíchy
Chondrichtyes zaraïujeme do:;;ivoèíchy
Vtákopysk:;;ivoèíchy
Rovnakonôky zaradujeme do:;;ivoèíchy
Plazy:;;ivoèíchy
Polypy a medúzy radíme do kmeòa:;;ivoèíchy
raloky mono zaradi:;;ivoèíchy
Taxonomicky patria medzi rady pravıch vtákov:;;ivoèíchy
Ktorá trieda mäkkıšov je vıvojovo najdokonalejšia:;;ivoèíchy
Hlavonoce radíme do kmeòa:;;ivoèíchy
Stavovce:;;ivoèíchy
Medzi triedy kmeòa ostnatokocov zaraïujeme:;;ivoèíchy
Na ktoré nepàhlivce vıvojovo nadväzujú ploskulice:;;ivoèíchy
Do kmeòa mäkkıšov patria:;;ivoèíchy
Svalovec špirálovitı patrí medzi:;;ivoèíchy
Máloštetinavce:;;ivoèíchy
Èajky:;;ivoèíchy
Rus domovı:;;ivoèíchy
Voška broskyòová:;;ivoèíchy
Do podríše Metazoa zaradujeme kmene:;;ivoèíchy
Do podkmeòa Vertebrata patria:;;ivoèíchy
O vtákoch platí, e:;;ivoèíchy
U chordát rozoznávame podkmene:;;ivoèíchy
O Arthropódach platí, e:;;ivoèíchy
Škodcovia kultúrnych rastlín sú:;;ivoèíchy
Najdôleitejšie triedy obrúèkavcov sú:;;ivoèíchy
O vtákoch platí, e:;;ivoèíchy
O kmeni mäkkıše platí, e:;;ivoèíchy
Medzi najvıznamnejšie rady placentovcov patria:;;ivoèíchy
Motıle:;;ivoèíchy
K úitkovım druhom hmyzu patrí:;;ivoèíchy
Medzi škodcov zásob z hmyzu patri:;;ivoèíchy
Priadka morušová:;;ivoèíchy
Ktorı z uvedenıch parazitov rastlín je hlístovec:;;ivoèíchy
U ktorıch ivoèíchov sa amoniak vyluèuje ako kyselina moèová:;;ivoèíchy
Vnútorná kostra druhoústovcov má pôvod:;;ivoèíchy
U ktorıch ivoèíchov sa amoniak vyluèuje ako moèovina:;;ivoèíchy
Èo sa tvorí z dusíkatıch zvyškov aminokyselín pri premene bielkovín:;;ivoèíchy
Farby dobre rozoznávajú:;;ivoèíchy
Èiernobiele videnie za šera umoòujú:;;ivoèíchy
Èo usmeròuje schopnos niších stavovcov meni zafarbenie tela:;;ivoèíchy
Plazmatické bielkoviny vznikajú najmä v:;;ivoèíchy
Ako mono nazva pravidelné striedanie vdychov a vıdychov:;;ivoèíchy
K èastiam alúdka preúvavcov patrí:;;ivoèíchy
Dej, pri ktorom biele krvinky vystupujú z vlásoèníc je:;;ivoèíchy
Zloité vrodené reakcie organizmu nazıvame:;;ivoèíchy
Èo nastáva pri šírení vzruchu po nervovom vlákne:;;ivoèíchy
Ktorá skupina ploskavcov najviac pouíva na pohyb svaly a riasinky:;;ivoèíchy
Kde konèia motorické nervové vlákna:;;ivoèíchy
Zásobnım zdrojom glukózy u ivoèíchov je:;;ivoèíchy
Vnútrobunkové trávenie sa vyskytuje u:;;ivoèíchy
U ktorıch ivoèíchov sa po prvı raz vyskytuje mimobunkové trávenie:;;ivoèíchy
Schopnos fagocytózy majú:;;ivoèíchy
U ktorıch ivoèíchov sa objavujú prvé nervové centrá - gangliá:;;ivoèíchy
Ko¾ko hlavovıch konèatín majú èlánkonoce:;;ivoèíchy
Akú nervovú sústavu majú polypovce:;;ivoèíchy
Senzorickou jednotkou nervovej regulácie sú:;;ivoèíchy
Miazgové uzliny sú schopné zachytáva:;;ivoèíchy
Èím je zabezpeèené nepretrité prúdenie krvi:;;ivoèíchy
Ako sa volá látka tvoriaca pevnı pancier tela èlánkonocov:;;ivoèíchy
Akımi svalmi sa pohybujú obrúèkavce:;;ivoèíchy
Na základe toho, odkia¾ prichádzajú podnety rozde¾ujeme receptory na:;;ivoèíchy
Ako sa nazıvajú bunky, ktoré tvoria základ protonefrídií:;;ivoèíchy
K endogénnym biorytmom zaraïujeme:;;ivoèíchy
Zloené oèi majú:;;ivoèíchy
Aké druhy telovıch tekutín majú obrúèkavce:;;ivoèíchy
Exogénne biorytmy:;;ivoèíchy
Z organickıch látok je v krvnej plazme najviac:;;ivoèíchy
U ploskavcov nachádzame:;;ivoèíchy
Obrúèkavce majú nervovú sústavu:;;ivoèíchy
Ktoré ploskavce potrebujú na svoj vıvin medzihostite¾ov:;;ivoèíchy
Hormóny u kôrovcov riadia:;;ivoèíchy
Akı typ vyluèovacích ústrojov majú ploskavce:;;ivoèíchy
Aké typy centralizovanej nervovej sústavy u niších ivoèíchov poznáte:;;ivoèíchy
¾azy s vnútornım vyluèovaním vyluèujú svoje sekréty:;;ivoèíchy
Hormóny u kôrovcov sa tvoria v:;;ivoèíchy
Srdce obojivelníkov:;;ivoèíchy
Aká je odpoveï orgánov na zvıšenie hladiny hormónov:;;ivoèíchy
Akú funkciu majú semenníky:;;ivoèíchy
Z organickıch látok sa moèom vyluèujú najmä:;;ivoèíchy
Ve¾a termoreceptorov sa nachádza:;;ivoèíchy
K obrannım dıchacím reflexom patri:;;ivoèíchy
Vzdušnicami dıchajú:;;ivoèíchy
Podrádenie sliznice hrtana, priedušnice a priedušiek vyvolá:;;ivoèíchy
Hormóny u obrúèkavcov:;;ivoèíchy
Hormóny:;;ivoèíchy
Èíry moè majú:;;ivoèíchy
Forma signálu, na ktorú je receptor najcitlivejší sa nazıva:;;ivoèíchy
Akı typ súmernosti má telo ostnatokocov v dospelosti:;;ivoèíchy
Z anorganickıch látok sa moèom vyluèujú najmä:;;ivoèíchy
Od èoho závisí aktivita ektotermnıch ivoèíchov:;;ivoèíchy
Malpighiho telieska:;;ivoèíchy
Z funkèného h¾adiska rozoznávame v obehovej sústave systém:;;ivoèíchy
Vımena plynov difúziou celım povrchom tela, ako hlavnı proces dıchania sa uskutoèòuje u:;;ivoèíchy
Aké druhy telovıch tekutín majú stavovce:;;ivoèíchy
Spálením ivín pri pouití 1 lit. kyslíka sa uvo¾ní energia:;;ivoèíchy
Podstatou zráania krvi je:;;ivoèíchy
Najmä aké svaly sa nachádzajú v stenách vnútornıch orgánov:;;ivoèíchy
Ktorá sústava zanikla u pásomníc:;;ivoèíchy
U ktorıch ivoèíchov prebieha biologické trávenie v hrubom èreve;;ivoèíchy
Spongín je:;;ivoèíchy
U ktorıch ivoèíchov sa v slinnıch ¾azách tvoria enzımy:;;ivoèíchy
Sú vitamíny zdrojom energie:;;ivoèíchy
Vyluèovacími ústrojmi niektorıch Èlánkonocov sú:;;ivoèíchy
Telová tekutina u väèšiny bezstavovcov:;;ivoèíchy
Na sliznici tenkého èreva èloveka vidno:;;ivoèíchy
Ktoré ivoèíchy majú vyvinutú mozgovú kôru:;;ivoèíchy
Medzi ektoparazity patri:;;ivoèíchy
Aká je èinnos vlásoèníc:;;ivoèíchy
Ako je riadenı metabolizmus:;;ivoèíchy
Komorové oèi majú:;;ivoèíchy
Zo zvierat majú vıborne vyvinutı èuch:;;ivoèíchy
Srdcovı sval je:;;ivoèíchy
Akımi nervovımi vláknami sa prenáša vzruch z koného receptora do mozgu:;;ivoèíchy
Vzruch na synapsii sa prenáša prostredníctvom:;;ivoèíchy
Resorpèná plocha sliznice tenkého èreva je zväèšená:;;ivoèíchy
Kto objavil neurón:;;ivoèíchy
Najdôleitejším orgánom metabolizmu je:;;ivoèíchy
Akı typ súmernosti má telo ostnatokocov v larválnom štádiu:;;ivoèíchy
K základnım charakteristikám kmeòa chordát patri:;;ivoèíchy
Kde sa nachádzajú tyèinky a èapíky:;;ivoèíchy
Uveïte, ktorı vzorec respiraèného kvocientu je správny:;;ivoèíchy
Podmienenı reflex vzniká:;;ivoèíchy
Èím sa prichytávajú motolice o telo hostite¾a:;;ivoèíchy
Aké je èlánkovanie tela u obrúèkavcov:;;ivoèíchy
Hormón:;;ivoèíchy
K zárodoènım vrstvám obrúèkavcov patrí:;;ivoèíchy
Ktorı hlístovec parazituje vo svaloch:;;ivoèíchy
Nestrávené zvyšky potravy sa vyluèujú z tela pri:;;ivoèíchy
U ktorıch ivoèíchov sa amoniak vyluèuje z tela priamo:;;ivoèíchy
Trávenina z tenkého do hrubého èreva sa dostáva:;;ivoèíchy
Kvalitatívne správne zlozená potrava obsahuje:;;ivoèíchy
Vyluèovanie parathormónu je ovplyvòované:;;ivoèíchy
Ktorá z uvedenıch liaz nie je pravou ¾azou s vnútornou sekréciou:;;ivoèíchy
Z akıch vajíèok sa u vèiel liahne potomstvo:;;ivoèíchy
Aké je srdce Skokana zeleného:;;ivoèíchy
Èo sú gemuly:;;ivoèíchy
Ako sa volá chemická látka charakteristická pre pláš plášovcov:;;ivoèíchy
Ktorá skupina ivoèíchov je vrcholom vıvoja èlánkonocov:;;ivoèíchy
Ktoré mnohobunkovce nemaiú vytvorené nervové a svalové tkanivo:;;ivoèíchy
Telo hubiek sa skladá:;;ivoèíchy
Všetky bunky ivoèíchov:;;ivoèíchy
Ktoré látky štiepi amyláza:;;ivoèíchy
Ktoré hormóny vyluèujú ¾azové bunky ostrovèekov pankreasu u vyšších tried stavovcov:;;ivoèíchy
Pijavice:;;ivoèíchy
Kopulaènı orgán hlavonocov sa nazıva:;;ivoèíchy
Príštiné telieska:;;ivoèíchy
Pod¾a druhu adekvátneho podnetu k hlavnım typom receptorov patria:;;ivoèíchy
V krvi cicavcov nachádzame:;;ivoèíchy
Kde prebieha vonkajšie dıchanie cicavcov:;;ivoèíchy
Z èoho sa skladá srdce krokodíla:;;ivoèíchy
Najviac mechanoreceptorov sa u ivoèíchov nachádza:;;ivoèíchy
Narušenie biorytmov môe ohrozi:;;ivoèíchy
Typ nervovej sústavy obrúèkavcov je:;;ivoèíchy
Nepodmienené reflexy sú:;;ivoèíchy
V ktorej èasti cievneho systému dochádza k vımene látok medzi krvou a tkanivovım mokom:;;ivoèíchy
Radiálna nervová sústava je u:;;ivoèíchy
Telová tekutina na najnišom vıvojovom stupni:;;ivoèíchy
Oblièky rozdelené na samostatné lalôèiky majú:;;ivoèíchy
Vrodené reflexy sú:;;ivoèíchy
Reflexy, ktoré sa vytvárajú a poèas ivota jedinca sú:;;ivoèíchy
Obrúèkavce odstraòujú odpadové látky:;;ivoèíchy
Protonefrídie:;;ivoèíchy
Ako sa rozde¾ujú biorytmy:;;ivoèíchy
Larva, korá sa vyskytuje vo vıvine morskıch mnohoštetinavcov sa volá:;;ivoèíchy
Ktoré hlístovce sú nebezpeènımi parazitmi èloveka a domácich zvierat:;;ivoèíchy
Èo je svalovı tonus:;;ivoèíchy
U ktorıch ivoèíchov sa vyskytuje heterotermia:;;ivoèíchy
Medzi endotermné ivoèíchy patria:;;ivoèíchy
Ústrojom rovnováhy kôrovcov je:;;ivoèíchy
Ako získavajú ivoèíchy a èlovek energiu na ivotné deje:;;ivoèíchy
Ako sa nazıvajú ivoèíchy s premenlivou teplotou tela:;;ivoèíchy
Lipáza sa môe vyskytova v alúdoènej šave u:;;ivoèíchy
Èo platí o polypoch a medúzach:;;ivoèíchy
Èo majú stavovce vyvinuté na ochranu organizmu pred cudzorodımi látkami, ktoré vnikli do organizmu:;;ivoèíchy
Homeostáza je:;;ivoèíchy
Najmenšie mnostvo energie, potrebnej na udrzanie ivota v úplom pokoji, nalaèno a pri optimálnej teplote sa nazıva:;;ivoèíchy
Na aké formy energie sa transformuje energia, získaná enzymatickım rozkladom organickıch látok potravy:;;ivoèíchy
Ktoré z uvedenıch zvierat sú hibernanty:;;ivoèíchy
Ktoré organizmy vytvárajú klony:;;ivoèíchy
Ve¾ryby dıchajú:;;ivoèíchy
Z èoho sa skladá srdce ve¾ryby:;;ivoèíchy
Vyluèovacími ústrojmi stavovcov sú:;;ivoèíchy
Èo nazıvame vnútornım dıchaním:;;ivoèíchy
Ako sa nazıvajú ivoèíchy so stálou teplotou tela:;;ivoèíchy
Prejavom èoho sú endogénne biorytmy:;;ivoèíchy
Zadnú èas mozgu vyšších stavovcov tvorí:;;ivoèíchy
Mucha bodavka prenáša:;;ivoèíchy
K èastiam, ktoré sa rozlišujú v rúrkovej nervovej sústave u stavovcov patri:;;ivoèíchy
K ústrednej nervovej sústave vyšších stavovcov patrí:;;ivoèíchy
Na èo sa premeni väèšia èas energie, získanej enzymatickım rozkladom organickıch látok potravy, ktorá sa biogénne netransformuje:;;ivoèíchy
Ktoré kôrovce cudzopasia na rybách:;;ivoèíchy
Kliešovité roztoèe prenášajú:;;ivoèíchy
Akım spôsobom prijímajú pásomnice potravu:;;ivoèíchy
Majú zrelé erytrocyty niektorıch ivoèíchov jadro:;;ivoèíchy
Ktoré ivoèíchy majú dobre vyvinutı prednı lalok hypofızy:;;ivoèíchy
Ko¾ko hormonálnych sústav má hmyz:;;ivoèíchy
Ktorım ivoèíchom celkom chıba èuch:;;ivoèíchy
Niektoré druhy rıb zachytávajú zvukové vIny:;;ivoèíchy
Ktoré sú hlavné znaky ivoèíchov:;;ivoèíchy
Ktoré blchy prechádzajú aj na èloveka:;;ivoèíchy
Hemoglobín cicavcov:;;ivoèíchy
O zimnıch spáèoch platí, e:;;ivoèíchy
Medzi základné zloky biologického regulaèného systému patrí:;;Èlovek
Tenké èrevo u èloveka:;;Èlovek
Dojèenské obdobie èloveka:;;Èlovek
Uvo¾nenie ¾udského vajíèka z Graafovho folikulu a jeho vyplavenie do ústia vajíèkovodu nastáva:;;Èlovek
Èervené krvinky u èloveka:;;Èlovek
Èo spôsobuje akomodaènı sval:;;Èlovek
Ako sa vyprázdòuje koneèník:;;Èlovek
Pepsín sa u èloveka vyluèuje ako:;;Èlovek
Aglutinogény sú:;;Èlovek
Hladké svaly sú ovládané:;;Èlovek
Ktorı z kåbov v tele èloveka je najzloitejší a jeden z najviac zaaenıch:;;Èlovek
Èo je stavebnou jednotkou kostrového svalu:;;Èlovek
Èo tvorí retikulárnu formáciu mozgu:;;Èlovek
Asi ko¾ko svalov má èlovek:;;Èlovek
Ko¾ko percent z hmotnosti tela predstavuje hmotnos svalov eny:;;Èlovek
V strednom mozgu èloveka je ústredie:;;Èlovek
Mozoèek èloveka sa podie¾a na:;;Èlovek
Ktoré vyznamné zvieraèe ovládané vô¾ou patria medzi svaly panvy:;;Èlovek
K svalom hlavy z funkèného h¾adiska patria:;;Èlovek
Èo je základnım funkènım prvkom nervovej sústavy:;;Èlovek
Èo je vrcholom vyššej nervovej èinnosti:;;Èlovek
Ku kostre dolnej konèatiny patri kos:;;Èlovek
Pre inzulín platí e:;;Èlovek
Akı je poèet driekovıch stavcov v chrbtici èloveka:;;Èlovek
Ako nazıvame miesto, kde sa spájajú vıbeky neurónov:;;Èlovek
Ktoré vıbeky nervovej bunky vedú vzruchy smerom k telu bunky:;;Èlovek
Ústredie pre riadenie dıchania je v:;;Èlovek
K dıchacej sústave èloveka patria:;;Èlovek
Materské mlieko:;;Èlovek
Na neuróne stavovcov mono rozlíši:;;Èlovek
Vitamín C je vıznamnı pre:;;Èlovek
Ako sa nazıva vitamín B6:;;Èlovek
Èlovek s krvnou skupinou 0 má aglutiníny:;;Èlovek
Poèas puberty:;;Èlovek
Reflex cicania:;;Èlovek
Èo je podstatou systému vlastností krvnıch skupín:;;Èlovek
Erytrocyty dospelého èloveka sa tvoria:;;Èlovek
Pri pôrode èloveka:;;Èlovek
Ktoré úseky má neurón z funkèného h¾adiska:;;Èlovek
Èlovek poèuje zvukové vIny s frekvenciou:;;Èlovek
Graafov folikul po uvo¾není vajíèka:;;Èlovek
Èo je slepá škvrna:;;Èlovek
Inzulín u èloveka vyluèujú:;;Èlovek
Akú funkciu má testosterón:;;Èlovek
Horná a dolná dutá ila:;;Èlovek
EKG je:;;Èlovek
Èo je miestom najostrejšieho videnia:;;Èlovek
Ktoré svaly hlavy pohybujú koou:;;Èlovek
Kåbové spojenie kosti:;;Èlovek
Tvorba moèu sa zaèína v:;;Èlovek
Nedostatok ktorého vitamínu nebol opísanı u èloveka:;;Èlovek
K základnım chuovım vnemom patrí vnímanie:;;Èlovek
V ktorej èasti mozgu èloveka je ústredie pre èuch:;;Èlovek
V ko¾kıch percentách sa u detí objavuje vrodené vykåbenie bedrového kåbu:;;Èlovek
Hemoglobín (najmä u dojèiat) sa vplyvom zvıšeného prísunu dusíkatıch látok do organizmu mení na:;;Èlovek
Èo patrí k spojivám:;;Èlovek
Kde sa formuje vedomá èinnos  èloveka:;;Èlovek
Patelárny reflex sa vyvolá úderom na:;;Èlovek
lté teliesko produkuje:;;Èlovek
Graafove folikuly vyluèujú:;;Èlovek
Èo produkujú vajeèníky:;;Èlovek
Ktoré hormóny zvyšujú odolnos organizmu proti stresu:;;Èlovek
Ktorı hormón riadi u stavovcov a èloveka hospodárenie s vodou:;;Èlovek
Ktorı vitamín sa zúèastòuje okyslièovacích dejov vo všetkıch bunkách:;;Èlovek
Ktorı z vitamínov je ve¾mi nestály:;;Èlovek
Priemerná hmotnos ¾udského mozgu je:;;Èlovek
Anti-Rh protilátky sa môu vytvára ak:;;Èlovek
Nedostatok ktorého vitamínu zapríèiòuje smrte¾nú chorobu beri-beri:;;Èlovek
Astigmatizmus:;;Èlovek
Kde sa uskutoèòuje subjektívne vnímanie polohy hlavy a jej zmien u èloveka:;;Èlovek
Kyselina chlorovodíková vytvára v alúdku èloveka kyslé prostredie, ktoré:;;Èlovek
Sekrécia glukokortikoidov je riadená:;;Èlovek
Svaly hrtana sa zúèastòujú:;;Èlovek
Aké tráviace enzımy vyluèuje èlovek do hrubého èreva:;;Èlovek
Na trávenie bielkovín v alúdku èloveka sa zúèastòuje:;;Èlovek
Akú funkciu má progesterón:;;Èlovek
Glukóza je nepostrádate¾ná pre:;;Èlovek
Koneènım produktom oxidácie všetkıch ivín u èloveka je:;;Èlovek
K tráviacej sústave èloveka patrí:;;Èlovek
Medzi vitamíny rozpustné vo vode patrí:;;Èlovek
Ko¾ko moèu vylúèi priemerne zdravı èlovek za deò:;;Èlovek
Èo zapríèiòuje zhubnú málokrvnos:;;Èlovek
Premenu vápnika v tele riadi hormón:;;Èlovek
Podrádenie sliznice nosa následne vyvolá:;;Èlovek
Medzi ochorenia srdcovocievnej sústavy patrí:;;Èlovek
Kou èloveka tvorí:;;Èlovek
Srdce èloveka v k¾ude preèerpá za 1 minútu pribline:;;Èlovek
Ktoré tepny zásobujú krvou srdcovı sval:;;Èlovek
Druhá signálová sústava je základom:;;Èlovek
Kde sa nachádzajú polmesiaèikovité chlopne:;;Èlovek
Starnutie je charakterizované:;;Èlovek
Jav, keï sa drádivos receptora v priebehu pôsobenia podnetu zniuje sa nazıva:;;Èlovek
lté teliesko je:;;Èlovek
Vnútromaternicovı vıvin èloveka zahròuje obdobie:;;Èlovek
Klimatérium je:;;Èlovek
lè u èloveka:;;Èlovek
Reprodukènı vek je obdobie:;;Èlovek
Hrubé èrevo èloveka:;;Èlovek
Ktorı sval v tele má zvláštne morfologice a funkèné postavenie:;;Èlovek
P¾úcne ily:;;Èlovek
P¾úcnica:;;Èlovek
Celkové mnostvo èervenıch krviniek sa obnoví pribline:;;Èlovek
Ko¾ko litrov krvi má priemernı dospelı èlovek:;;Èlovek
V ktorej èasti predného mozgu je ústredie reèi:;;Èlovek
O fázach menštruaèného cyklu u ien platí, e:;;Èlovek
Na ktoré frekvencie tónov je sluch èloveka najcitlivejší:;;Èlovek
Mimobunkovú tekutinu u èloveka tvorí:;;Èlovek
Mlieèny chrup má:;;Èlovek
V ktorej èasti mozgu èloveka zaèínajú zostupné pyramídové dráhy:;;Èlovek
Na trávenie tukov v tenkom èreve èloveka sa podie¾ajú:;;Èlovek
Aké svaly sú v dúhovke:;;Èlovek
Ako dlho priemerne ijú èervené krvinky èloveka:;;Èlovek
Ktorı sval konèí Achillovou š¾achou a uplatòuje sa vırazne pri chôdzi:;;Èlovek
Vo vnútri koncovıch èastí dlhıch kostí a v plochıch kostiach sa vyskytuje:;;Èlovek
Ktorá ¾aza tráviacej sústavy èloveka je najväèšia:;;Èlovek
V predåenej mieche sú reflexné centrá pre:;;Èlovek
Ko¾ko percent z hmotnosti tela predstavuje hmotnos svalov mua:;;Èlovek
Ku kolennému kåbu èloveka patrí:;;Èlovek
Ktorımi koreòmi chrbticovej miechy sa odvádzajú vzruchy k vıkonnım orgánom:;;Èlovek
Z akıch hlavnıch èastí sa skladá kostra hlavy:;;Èlovek
Akı je obyèajne poèet kostrèovıch stavcov v chrbtici èloveka:;;Èlovek
Ku kostre hornej konèatiny patrí kos:;;Èlovek
Akı je poèet hrudnıch stavcov v chrbtici èloveka:;;Èlovek
Èo tvorí vlastnı chuovı receptor:;;Èlovek
Ktoré z uvedenıch prvkov (izotopov) sú nebezpeèné pre ¾udskı organizmus:;;Èlovek
Základnou anatomickou a funkènou jednotkou nervovej sústavy je:;;Èlovek
Peèeò èloveka je zásobáròou:;;Èlovek
Svrabovcovité roztoèe parazitujú:;;Èlovek
V predåenej mieche sa nachádzajú ústredia:;;Èlovek
Spojenie medzi plodom a organizmom matky sprostredkuje:;;Èlovek
Placenta pre embryo a plod zabezpeèuje:;;Èlovek
Ko¾ko trvá priemerne vıvin jedinca v maternici u èloveka:;;Èlovek
Energia, vzniknutá pri oxidáciách sa v ¾udskom organizme skladá do:;;Èlovek
Na trávení sacharidov v tenkom èreve èloveka sa zúèastòuje:;;Èlovek
Pod¾a èoho rozde¾ujeme ¾udí do krvnıch skupín:;;Èlovek
Ako sa nazıvajú vlastné svetlocitové bunky u èloveka:;;Èlovek
Za normálnych okolností je minimálna plocha mozgovej kôry u èloveka:;;Èlovek
Akı obraz pozorovaného predmetu sa premieta na sietnicu ¾udského oka:;;Èlovek
Pot èloveka obsahuje:;;Èlovek
Èlovek (Homo sapiens) patrí medzi:;;Èlovek
Medzi dedièné patria u èloveka znaky:;;Èlovek
Koa dospelého èloveka:;;Èlovek
Naodblièky èloveka:;;Èlovek
Základnou funkènou jednotkou a stavebnou jednotkou ¾udskej oblièky je:;;Èlovek
Malı krvnı obeh konèí:;;Èlovek
Biele krvinky sa vyskytujú:;;Èlovek
Ktorı hormón produkujú semenníky u èloveka:;;Èlovek
Pri nedostatku ktorého vitamínu vzniká rohovatenie epitelov, vysychanie rohovky a spojoviek a šeroslepota:;;Èlovek
Nedostatoènım prívodom urèitıch vitamínov môe vzniknú:;;Èlovek
K vitamínom rozpustnım v tukoch patrí:;;Èlovek
Hospodárenie s minerálnymi látkami riadi:;;Èlovek
Nedostatok inzulínu spôsobuje:;;Èlovek
Kôra nadoblièiek èloveka produkuje:;;Èlovek
Aké èinitele ovplyvòujú rıchlos prúdenia krvi v cievach:;;Èlovek
Ako sa nazıva zmena napätia svalu bez jeho skrátenia:;;Èlovek
K hlavnım obdobiam ivota èloveka po narodení patrí:;;Èlovek
Najväèší a najdôleitejší podiel sušiny krvnej plazmy tvoria:;;Èlovek
Ktoré zlúèeniny negatívne ovplyvòujú ¾udské zdravie:;;Èlovek
Trávenia bielkovín v tenkom èreve èloveka sa zúèastòuje:;;Èlovek
K hlavnım súèastiam alúdkovej šavy èloveka patrí:;;Èlovek
Minútovı srdcovı objem je:;;Èlovek
Krvná plazma obsahuje:;;Èlovek
Priemernı minútovı dychovı objem dospelého èloveka v k¾ude je:;;Èlovek
Priblinı poèet neurónov v mozgovej kôre èloveka je:;;Èlovek
U èloveka sa na vdychu podie¾ajú najmä:;;Èlovek
Èo je riziková gravidita:;;Èlovek
Aké chlopne sú medzi predsieòami a komorami srdca:;;Èlovek
Základnou stavebnou a funkènou jednotkou oblièky je:;;Èlovek
Dôleitım dejom pri zastavení krvácania je:;;Èlovek
Zakladate¾om uèenia o vyššej nervovej èinnosti je:;;Èlovek
Vitamín K:;;Èlovek
Aké funkcie má v organizme peèeò:;;Èlovek
¼udské oko vníma svetelné vlnenie:;;Èlovek
Pallium:;;Èlovek
Èo tvorí vnútro hemisfér predného mozgu:;;Èlovek
Svalovı snopec tvorí pribline:;;Èlovek
K svalom tváre patrí:;;Èlovek
Ktorá èas mozgu je sídlom riadenia èinnosti vnútornıch orgánov:;;Èlovek
Ktorı sval hornej konèatiny je naahovaè:;;Èlovek
Diastola je:;;Èlovek
Ktorı sval hornej konèatiny je ohıbaè:;;Èlovek
Svaly pod¾a mikroskopickej stavby a funkènıch rozdielov rozlišujeme:;;Èlovek
Akım spôsobom sa uskutoèòuje spojenie kostí;;Èlovek
Do ktorej èasti mozgu vedú zrakové informácie u èloveka:;;Èlovek
Ktorımi koreòmi chrbticovej miechy sa privádzajú vzruchy z rôznych èastí tela:;;Èlovek
Hlavné èasti kostry ¾udského tela sú:;;Èlovek
Systola je:;;Èlovek
Akú funkciu má neuroglia:;;Èlovek
Ktorı je najdôleitejší orgán vstrebávania u èloveka:;;Èlovek
Aké typy kostí rozlišujeme pod¾a tvaru a ve¾kosti:;;Èlovek
Èlovek má rebier:;;Èlovek
Akı je poèet krènıch stavcov v chrbtici èloveka:;;Èlovek
Pevnı väzivovı obal kostí:;;Èlovek
Receptormi v koi mono rozlíši:;;Èlovek
Èo odvádza okyslièenú krv z p¾úc:;;Èlovek
Miestom fixovania podmienenıch reflexov u vyšších cicavcov a èloveka je:;;Èlovek
Odstredivé nervové vlákna:;;Èlovek
Spermie èloveka sa:;;Èlovek
Medzi pohlavné choroby patrí:;;Èlovek
Ktoré dôleité fyziologické funkcie plní krvnı obeh v organizme:;;Èlovek
Ko¾ko folikulov pribline dozreje poèas pohlavnej zrelosti u eny:;;Èlovek
Minútovı objem srdca závisí od:;;Èlovek
V ktorej èasti mozgu èloveka je ústredie pre koné receptory:;;Èlovek
Proprioreceptory:;;Èlovek
V koi a slizniciach telovıch otvorov sú receptory, ktoré umoòujú vnímanie:;;Èlovek
Aorta:;;Èlovek
Pri rozvoji mlieènej ¾azy pôsobí:;;Èlovek
Antidiuretickı hormón u èloveka:;;Èlovek
Èo vyluèujú väzivové bunky dozrievajúceho folikula:;;Èlovek
Èo je úèinnım prostriedkom na odvádzanie nadbytoèného tepla z povrchu tela:;;Èlovek
V ¾udskom tele sa najviac tepla tvorí chemickımi premenami:;;Èlovek
Pri odovzdávaní tepla z povrchu tela sa uplatòuje:;;Èlovek
Ktorá ¾aza èloveka produkuje tyroxín:;;Èlovek
Dreò nadoblièiek èloveka produkuje:;;Èlovek
Akımi nervami je riadená èinnos drene nadoblièiek:;;Èlovek
V metabolizme èloveka mono bielkoviny úplne nahradi:;;Èlovek
Biologická hodnota bielkovın je daná:;;Èlovek
V tele èloveka sa ukladajú do zásoby:;;Èlovek
Prednı lalok hypofızy èloveka produkuje hormón:;;Èlovek
Nedostatoèná èinnos štítnej ¾azy u mladého organizmu sa môe prejavi:;;Èlovek
Glukagón:;;Èlovek
Vitálna kapacita p¾úc je:;;Èlovek
K ve¾kım párovım slinnım ¾azám èloveka patria ¾azy:;;Èlovek
Sliny èloveka obsahujú:;;Èlovek
Glykogén sa ukladá v:;;Èlovek
Ko¾ko párov ve¾kıch slinnıch liaz vyluèuje sliny:;;Èlovek
Štítna ¾aza:;;Èlovek
Vitamíny vznikajú:;;Èlovek
Svalové vlákna pod¾a spôsobu sahovania, štruktúry a obsahu urèitıch látok rozde¾ujeme na:;;Èlovek
Ko¾ko tepov za minútu priemerne má zdravı dospelı èlovek pri telesnom pokoji:;;Èlovek
Mozoèek èloveka je:;;Èlovek
Akú funkciu má miecha:;;Èlovek
Hypotalamus je:;;Èlovek
Kinetické a statické orgány (receptory) èloveka sú uloené:;;Èlovek
Trvalı chrup èloveka obsahuje:;;Èlovek
Èo odvádza odkyslièenú krv z tela do srdca:;;Èlovek
Na tvorbu hemoglobínu a erytrocytov je potrebné:;;Èlovek
Èo môe spôsobi nedostatok eleza:;;Èlovek
Tlak a obeh krvi:;;Èlovek
Èinnosti, ktoré riadi podkôrové ústredie hypotalamus sú:;;Èlovek
Hlavnou funkciou èervenıch krviniek je:;;Èlovek
Ve¾kı krvnı obeh:;;Èlovek
Ktorá hemisféra je dominantná:;;Èlovek
Ktoré reflexy sa realizujú nezávisle od našej vôle:;;Èlovek
O èastiach vyluèovacej sústavy u zdravého mua platí, e:;;Èlovek
Otoèenie dlaòou nahor sa nazıva:;;Èlovek
O lakovom kåbe platí:;;Èlovek
Vitálna kapacita p¾úc èloveka:;;Èlovek
Hladovanie:;;Èlovek
O jednotlivıch èastiach celkovej kapacity p¾úc èloveka sú správne tvrdenia:;;Èlovek
O priebehu pôrodu èloveka za fyziologickıch okolností platí, e:;;Èlovek
O novorodeneckom období u èloveka platí, e:;;Èlovek
"Odbornı termín pre ""povrchovı"" je:";;Èlovek
V krvi zdravého èloveka môeme nájs:;;Èlovek
Kostru hlavy tvorí:;;Èlovek
Metabolizmus u èloveka:;;Èlovek
Sacharidy sú u èloveka trávené:;;Èlovek
"Odbornı termín pre smer ""k trupu"" na konèatinách je:";;Èlovek
Kım sa u èloveka krv z pravej predsiene srdca dostane naspä do nej prejde postupne cez:;;Èlovek
Poranenie kåbu kolena:;;Èlovek
U starej matky sa vyskytol autozomálne recesívny znak. Jej dcéra tento znak nemá. Aká je pravdepodobnos, e vnúèa bude ma tento znak, ak je jeho otec heterozygot pre danı znak:;;Èlovek
Sval, ktorı spôsobuje ohnutie v lakovom kåbe sa nazıva:;;Èlovek
K svalom dolnej konèatiny zaraïujeme:;;Èlovek
O èinnosti hrubého èreva èloveka platí e:;;Èlovek
Na podlonom sklíèku sú dve kvapky krvného séra - v¾avo od èloveka s krvnou skupinou A a vpravo s krvnou skupinou B. Do kadej primiešame kvapku krvi vyšetrovanej osoby. Pod¾a vzniku aglutinácie:;;Èlovek
O obsahu dusíka v plynoch pri dıchaní u èloveka platí, e:;;Èlovek
Ktoré stavce chrbtice èloveka sú zrastené:;;Èlovek
Na prierez koou vidíme:;;Èlovek
Prednı mozog èloveka:;;Èlovek
Sedimentácia èervenıch krviniek:;;Èlovek
Zadnı mozog èloveka:;;Èlovek
Zuby èloveka:;;Èlovek
Moèovı mechúr u èloveka:;;Èlovek
O dıchaní u èloveka platí, e:;;Èlovek
Na zisovanie ostrosti zraku sa pouíva:;;Èlovek
Tvar erytrocytov èloveka:;;Èlovek
O dıchaní u èloveka všeobecne platí, e:;;Èlovek
O období starnutia u èloveka platí, e:;;Èlovek
O svaloch stehna u èloveka platí, e:;;Èlovek
K svalom dolnej konèatiny patrí:;;Èlovek
Trojklannı nerv:;;Èlovek
O vitamíne A platí e:;;Èlovek
O transfúzii (prevode) krvi platí, e:;;Èlovek
O práci hrubého èreva zdravého èloveka platí e:;;Èlovek
Ktoré tvrdenie o srdcovocievnom systéme èloveka nie je správne:;;Èlovek
Kostra hornej konèatiny èloveka:;;Èlovek
O biorytmoch platí, e:;;Èlovek
V ktorej èasti dıchacej sústavy sa nachádzajú hlasivkové väzy a príklopka odde¾ujúca dıchaciu sústavu od tráviacej:;;Èlovek
O priebehu gravidity a organizme matky za fyziologickıch okolností platí, e:;;Èlovek
Kım sa u èloveka krv z pravej komory srdca dostane naspä do nej prejde postupne cez:;;Èlovek
O èastiach vyluèovacej sústavy u zdravého èloveka platí, e:;;Èlovek
Kostra èloveka:;;Èlovek
Hrubá vláknina ¾udskej potravy:;;Èlovek
Predåená miecha èloveka:;;Èlovek
O vitamíne B12 platí, e:;;Èlovek
Rh faktor sa vyskytuje u ¾udí:;;Èlovek
O názvoch vitamínov platí, e:;;Èlovek
Ako sa volá pevnı väzivovı  obal kosti èloveka:;;Èlovek
Normálne hodnoty krvného tlaku v ramennej tepne zdravého dospelého èloveka sú:;;Èlovek
O kostrovom svale platí, e:;;Èlovek
O detskom období u èloveka platí, e:;;Èlovek
Hlien - mucín:;;Èlovek
Po fertilizácii, v normálnej ontogenéze èloveka dochádza k:;;Èlovek
O svaloch predlaktia u èloveka platí, e:;;Èlovek
Prednı mozog èloveka:;;Èlovek
Ako sa nazıva spojenie, pri ktorom sú kosti oddelené kåbovou štrbinou:;;Èlovek
O vitamíne D u èloveka platí e:;;Èlovek
Prieèna os tela sa odborne nazıva:;;Èlovek
O obsahu oxidu uhlièítého v plynoch pri dıchaní u èloveka platí, e:;;Èlovek
O svaloch ramena u èloveka platí, e:;;Èlovek
Medzimozog èloveka:;;Èlovek
Nedostatok kyseliny pantoténovej u èloveka:;;Èlovek
Kım sa u èloveka krv z ¾avej komory srdca dostane naspä do nej prejde ( s vınimkou vencovıch ciev) postupne cez:;;Èlovek
Svaly brucha u èloveka:;;Èlovek
Kåbovı maz v zdravom kåbe:;;Èlovek
Ktorı sval sa zúèastòuje na zmenách polohy lopatky èloveka:;;Èlovek
O pepsíne u èloveka platí, e:;;Èlovek
Spánok:;;Èlovek
Príštitné telieska èloveka:;;Èlovek
Rastovı hormón u èloveka:;;Èlovek
Tenké trámèeky kostí èloveka:;;Èlovek
Dlhé svaly chrbta u èloveka:;;Èlovek
Svaly, ktoré spôsobujú odtiahnutie, sa nazıvajú:;;Èlovek
K svalom zadnej èasti trupu èloveka patrí:;;Èlovek
Peèeò èloveka:;;Èlovek
Na podlonom sklíèku sú dve kvapky krvného séra - v¾avo od èloveka s krvnou skupinou A a vpravo s krvnou skupinou B. Do kadej primiešame kvapku krvi vyšetrovanej osoby. Pod¾a vzniku aglutinácie:;;Èlovek
Na vıdaji tepla z èloveka sa zúèastòuje:;;Èlovek
V ústnej dutine èloveka sa uskutoèòuje:;;Èlovek
O vápniku u èloveka platí, e:;;Èlovek
Svaly hlavy èloveka:;;Èlovek
Svaly hrudníka:;;Èlovek
O ivinách v potrave èloveka platí, e:;;Èlovek
Ktoré tvrdenie o srdcovocievnom systéme èloveka je správne:;;Èlovek
Vyklenutı hrudník u èloveka tvorí:;;Èlovek
Mnostvo erytrocytov èloveka:;;Èlovek
O estrogénoch u eny platí, e:;;Èlovek
O zlokách celkovej kapacity p¾úc u zdravého èloveka platí, e:;;Èlovek
Smer chrbtovı pri šípovej osi èloveka sa odborne nazıva:;;Èlovek
O proliferaènej fáze menštruaèného cyklu platí, e:;;Èlovek
Podvıiva:;;Èlovek
Kosti zoradené od najmenšej po najväèšiu sú:;;Èlovek
Ako sa nazıva prístroj na meranie vitálnej kapacity p¾úc:;;Èlovek
Chvost sa latinsky nazıva:;;Èlovek
Najmohutnejším svalom stehna u èloveka je:;;Èlovek
Ako vplıva parasympatikus na obehovú sústavu a srdce:;;Èlovek
O vajeèníkoch èloveka platí, e:;;Èlovek
Kım sa u èloveka krv z ¾avej predsiene srdca dostane naspä do nej prejde postupne cez:;;Èlovek
Ohnutie sa odborne nazıva:;;Èlovek
Krvná skupina A sa priemerne u nás vyskytuje asi u:;;Èlovek
Prejavom nedostatku kyseliny askorbovej u èloveka je:;;Èlovek
Uvedené stavebné zloky ¾udského tela sa priemerne podie¾ajú (v %) na jeho hmotnosti:;;Èlovek
Osmotická lıza èervenıch krviniek nenastáva v prostredí:;;Èlovek
Zvislá os tela èloveka sa odborne nazıva:;;Èlovek
Poèet èervenıch krviniek zdravého èloveka nezávisí od:;;Èlovek
K svalom prednej èasti trupu èloveka patrí:;;Èlovek
Tlak, ktorı zodpovedá najvyššiemu tlaku krvi v tepne sa volá:;;Èlovek
Podvıiva:;;Èlovek
Kvapavka:;;Èlovek
Na podlonom sklíèku sú dve kvapky krvného séra - v¾avo od èloveka s krvnou skupinou A a vpravo s krvnou skupinou B. Do kadej primiešame kvapku krvi vyšetrovanej osoby. Pod¾a vzniku aglutinácie:;;Èlovek
Èinnos kostrovıch svalov umoòuje èloveku:;;Èlovek
Svaly predlaktia èloveka:;;Èlovek
Krvá skupina AB sa priemerne u nás vyskytuje asi u:;;Èlovek
O luteálnej (sekreènej) fáze menštruaèného cyklu platí, e:;;Èlovek
O oblièkách u zdravého èloveka platí, e:;;Èlovek
Dobre vidiace osoby majú pri vzdialenosti 6 m oznaèenie ostrosti zraku:;;Èlovek
"Smer na zvislej osi ""k chvostu"" sa u èloveka odborne nazıva:";;Èlovek
Miazgové uzliny èloveka:;;Èlovek
Na udriavanie teploty tela sa podie¾ajú:;;Èlovek
Pre tvorbu zrakového purpuru (rodopsínu) je z vitamínov nevıhnutnı:;;Èlovek
Odtiahnutie sa odborne nazıva:;;Èlovek
O krvi zdravého èloveka platí, e:;;Èlovek
Akı je rozdiel medzi mlieènymi a trvalımi zubami:;;Èlovek
K dıchacím cestám u èloveka patria:;;Èlovek
Vıznamnımi súèasami spojenia kåbu sú:;;Èlovek
K celkovej kapacite p¾úc u èloveka patrí:;;Èlovek
Svaly dolnej konèatiny sú:;;Èlovek
Biele krvinky èloveka:;;Èlovek
Ko¾ko gramov hemoglobínu má priemerne v 1 litri krvi zdravı dospelı mu:;;Èlovek
Syfilis:;;Èlovek
Krvné skupiny sústavy AB0 sa u nás vyskytujú v poradí (od najèastejšej po najmenej èastú):;;Èlovek
Pri prieènej osi nazıvame smer od stredu tela:;;Èlovek
O hlavovıch nervoch platí tvrdenie:;;Èlovek
Normálne hodnoty krvného tlaku v ramennej tepne zdravého dospelého èloveka sú:;;Èlovek
"Odbornı termín pre ""hlbokı"" je:";;Èlovek
Èo môeme tvrdi o spojení nosièa a èapovca:;;Èlovek
Hormôny drene nadoblièiek:;;Èlovek
Krvná skupina 0 sa priemerne u nás vyskytuje asi u:;;Èlovek
Èo platí o prvıch dvoch krènıch stavcoch a ich spojeniach:;;Èlovek
Odstraòovanie škodlivıch látok u èloveka sa môe uskutoèòova:;;Èlovek
Chrupkové spojenie kostí v tele èloveka tvoria:;;Èlovek
O období dospelosti u èloveka platí, e:;;Èlovek
O obsahu kyslíka v plynoch pri dıchaní u èloveka platí, e:;;Èlovek
O semenníkoch èloveka platí, e:;;Èlovek
V lebke sa spájajú kosti:;;Èlovek
O dreni naodblièky èloveka platí:;;Èlovek
Ktoré tvrdenie je správne pre trojklannı nerv:;;Èlovek
Sedimentácia èervenıch krviniek:;;Èlovek
Odbornı termín pre smer k prstom na konèatinách je:;;Èlovek
Akou najvyššou rıchlosou postupuje vzruch v nervovom vlákne:;;Èlovek
Medzi svaly chrbta u èloveka zaraïujeme:;;Èlovek
U èloveka je súèasou krku:;;Èlovek
Mozoèek èloveka:;;Èlovek
O vitamíne C platí:;;Èlovek
Na podlonom sklíèku sú dve kvapky krvného séra - v¾avo od èloveka s krvnou skupinou A a vpravo s krvnou skupinou B. Do kadej primiešame kvapku krvi vyšetrovanej osoby. Pod¾a vzniku aglutinácie:;;Èlovek
O mnostve kyslíka, CO2 a dusíku vo vzduchu pri dıchaní u èloveka platí, e:;;Èlovek
U èloveka rozoznávame pod¾a funkcie:;;Èlovek
Ohnutie v lakovom kåbe:;;Èlovek
O èinnosti tenkého èreva èloveka platí, e:;;Èlovek
O èastiach vyluèovacej sústavy u zdravej eny platí, e:;;Èlovek
Pritiahnutie sa odborne nazıva:;;Èlovek
Mozoèek èloveka:;;Èlovek
Pre zastavenie krvácania platí, e:;;Èlovek
Medzi svaly dolnej konèatiny èloveka patria:;;Èlovek
O zuboch u èloveka platí, e:;;Èlovek
O Rh faktore platí, e:;;Èlovek
O svaloch brucha u èloveka platí, e:;;Èlovek
Na krku èloveka sa nachádzajú:;;Èlovek
Retikulárna formácia èloveka:;;Èlovek
O hormónoch u èloveka je pravdivé tvrdenie:;;Èlovek
Svaly ramena u èloveka:;;Èlovek
Kostrovı sval u èloveka:;;Èlovek
O èinnosti oblièiek u zdravého èloveka platí, e:;;Èlovek
Strednı mozog èloveka:;;Èlovek
V koi èloveka sa nachádzajú:;;Èlovek
¼avı je v lekárskej terminológii:;;Èlovek
O hlavovıch nervoch platí:;;Èlovek
Nedostatok niacínu sa u èloveka prejavuje:;;Èlovek
O vitamíne B1 platí, e:;;Èlovek
K rozmnoovacej sústave eny patrí:;;Èlovek
Kam sa upína väèšina kostrovıch svalov èloveka:;;Èlovek
Brušnı smer pri šípovej osi èloveka sa odborne nazıva:;;Èlovek
Nedostatok vitamínu B2 sa u èloveka prejaví:;;Èlovek
Medzi ¾azy s vnútornou sekréciou u èloveka nepatrí:;;Èlovek
O dojèenskom období u èloveka platí, e:;;Èlovek
Krvné skupiny sústavy AB0 sa u nás vyskytujú:;;Èlovek
Svaly panvy u èloveka:;;Èlovek
Tenké èrevo èloveka:;;Èlovek
O menštruácii, ako fáze menštruaèného cyklu, platí, e:;;Èlovek
Ako sa volá lèové farbivo, ktoré poskytuje s dymivou kyselinou dusiènou èervenú zrazeninu:;;Èlovek
Sahom svalov, ktoré tvoria prunú brušnú stenu vzniká:;;Èlovek
Zuby:;;Èlovek
Nedostatok kobalamínu sa u èloveka prejavuje:;;Èlovek
Èervená kostná dreò èloveka slúi na tvorbu:;;Èlovek
Smr èloveka:;;Èlovek
Na priereze kosti èloveka vidíme:;;Èlovek
Èo je mozgová màtvica:;;Èlovek
O ovulácii, ako fáze menštruaèného cyklu, platí, e:;;Èlovek
Rozdiel medzi vitálnou kapacitou a minútovım objemom u zdravého dospelého èloveka je:;;Èlovek
O období dospievania u èloveka platí, e:;;Èlovek
V lakovom kåbe:;;Èlovek
K rozmnoovacej sústave mua patrí:;;Èlovek
O infekènıch ochoreniach dıchacích ciest u èloveka platí, e:;;Èlovek
Rozmnoovanie:;;Èlovek
Pohyb dlaòou nadol sa nazıva:;;Èlovek
Pravı je v lekárskej terminológii:;;Èlovek
Ko¾ko gramov hemoglobínu má v priemere v 1 litri krvi zdravá dospelá ena:;;Èlovek
O vitamíne K u èloveka platí, e:;;Èlovek
K svalom krku nepatrí:;;Èlovek
Lebka èloveka sa po latinsky nazıva:;;Èlovek
O potrebe ivín u zdravého èloveka platí, e:;;Èlovek
O väzoch u èloveka platí, e:;;Èlovek
O svaloch stehna u èloveka môeme tvrdi, e:;;Èlovek
Otáèanie sa odborne nazıva:;;Èlovek
K hornej konèatine patria svaly:;;Èlovek
Smrte¾ná choroba vznikajúca pri úplnom nedostatku vitamínu B1 sa nazıva:;;Èlovek
Svaly, ktoré spôsobujú ohnutie, sa nazıvajú:;;Èlovek
Sval, ktorı nám umoòuje vytiahnu trup smerom nahor, keï visíme na hrazde za ruky, sa volá:;;Èlovek
Dotykové plochy kåbu sú pokryté:;;Èlovek
Tuènota:;;Èlovek
Tlak, ktorı zodpovedá najnišiemu tlaku v tepne, sa volá:;;Èlovek
Svaly, ktoré spôsobujú pohyb dlaòou nadol sa nazıvajú:;;Èlovek
V lebke sa nespájajú kosti:;;Èlovek
O èinnosti alúdka u èloveka platí, e:;;Èlovek
O mechanike dıchania u èloveka platí, e:;;Èlovek
O pyridoxíne platí, e:;;Èlovek
Bedrovı kåb èloveka:;;Èlovek
Medzi svaly dolnej konèatiny èloveka zaraïujeme:;;Èlovek
Krvná skupina B sa priemerne u nás vyskytuje asi u:;;Èlovek
Pri prieènej osi nazıvame smer k stredu tela:;;Èlovek
Ako vplıva sympatikus na obehovú sústavu a srdce:;;Èlovek
Na driekovom stavci nájdeme:;;Èlovek
Rovina, ktorá rozde¾uje telo èloveka na dve zrkadlové polovice - ¾avú a pravú, sa nazıva:;;Èlovek
Z akej vzdialenosti èítame pri zisovaní ostrosti zraku Snellovımi optotypmi:;;Èlovek
O miazgovıch uzlinách u èloveka platí, e:;;Èlovek
O placente u èloveka platí, e:;;Èlovek
"Smer na zvislej osi ""k lebke"" sa u èloveka odborne nazıva:";;Èlovek
O krvnej plazme u zdravého èloveka platí, e:;;Èlovek
Na ktorom mieste sa zvyèajne pohmatom zisuje tep u èloveka:;;Èlovek
Kosti správne zoradené od najväèšej po najmenšiu sú:;;Èlovek
V pankreatickej šave èloveka sa nachádza:;;Èlovek
O priebehu vnútromaternicového vıvoja u èloveka platí:;;Èlovek
O miazgovej sústave èloveka platí, e:;;Èlovek
Srdcová svalovina:;;Èlovek
K svalom hornej konèatiny patrí:;;Èlovek
K svalom krku patrí:;;Èlovek
Zrelá èervená krvinka èloveka:;;Èlovek
Trojhlavı sval lıtka:;;Èlovek
O trojklannom nerve platí tvrdenie:;;Èlovek
Svaly, ktoré spôsobujú pohyb dlaòou nahor sa nazıvajú:;;Èlovek
Zloité spoloèenstvá ijúcich organizmov na urèitom území vytvárajú:;;Ekosystém a Zem
Pod¾a základnıch fyzikálnych faktorov rozoznávame ekosystémy:;;Ekosystém a Zem
Ktoré ekosystémy závisia od dodatkovej energie:;;Ekosystém a Zem
Ko¾ko percent z celkovej produkcie z celej biosféry spotrebujú hospodárske zvieratá (potrava):;;Ekosystém a Zem
Ko¾ko percent z celkovej produkcie celej biosféry spotrebuje èlovek (potrava):;;Ekosystém a Zem
Èo je príèinou boja o ivot pod¾a Darwinovej evoluènej teórie:;;Ekosystém a Zem
Útvary druhohôr sú:;;Ekosystém a Zem
Èo tvorí ekosystém:;;Ekosystém a Zem
Ako sa oznaèuje prechodné pásmo medzi jednotlivımi spoloèenstvami:;;Ekosystém a Zem
Indikátormi organického zneèistenia vôd sú:;;Ekosystém a Zem
Ktorá trieda polochordátov vymrela:;;Ekosystém a Zem
Provotné ivé sústavy sa vyivovali:;;Ekosystém a Zem
Základné vrstvy atmosféry sú:;;Ekosystém a Zem
Ktorá vrstva atmosféry zachytáva väèšinu ultrafialového iarenia:;;Ekosystém a Zem
Ako oznaèujeme sústavu tvorenú biocenózou a jej neivım prostredím:;;Ekosystém a Zem
Zloité spoloèenstvá rastlín oznaèujeme ako:;;Ekosystém a Zem
Odkia¾ vychádza vıvojová línia rodu Homo:;;Ekosystém a Zem
Homo sapiens il u pred:;;Ekosystém a Zem
Ako sa volá zástupca vıvojového radu Homo, ktorı il pred miliónom a 350 tisíc rokmi:;;Ekosystém a Zem
V druhohorách sa diferencovali:;;Ekosystém a Zem
V ktorom útvare druhohôr sa vyskytli prvé cicavce:;;Ekosystém a Zem
Ktoré èinnosti èloveka môu negatívne ovplyvòova ivotné prostredie:;;Ekosystém a Zem
Na rozhraní ktorıch ér vznikli rybovité stavovce:;;Ekosystém a Zem
Imisie:;;Ekosystém a Zem
Akı vıznam majú nitrifikaèné baktérie:;;Ekosystém a Zem
Ako oznaèujeme proces, pri ktorom dochádza k rozvetvovaniu vıvojovıch línií a k vzniku novıch druhov:;;Ekosystém a Zem
Èo je hydrologickı cyklus:;;Ekosystém a Zem
Aké bunky mali prvotné ivé sústavy:;;Ekosystém a Zem
Ako nazıvame prvotné ivé sústavy:;;Ekosystém a Zem
Medzi abiotické faktory prostredia patrí:;;Ekosystém a Zem
Útvary mladších prvohôr sú:;;Ekosystém a Zem
Svetelnı reim v prírode je podmienenı:;;Ekosystém a Zem
Ekologická valencia je:;;Ekosystém a Zem
Útvary starších prvohôr sú:;;Ekosystém a Zem
Hydrosféru tvorí:;;Ekosystém a Zem
Èo je pôdna erózia:;;Ekosystém a Zem
Uveïte kovy, ktoré sa hromadia v pôde v dôsledku emisií:;;Ekosystém a Zem
Plynné, kvapalné a pevné látky, ktoré sa dostávajú do ovzdušia sa súhrnne nazıvajú:;;Ekosystém a Zem
Aké formy slneèného iarenia poznáte:;;Ekosystém a Zem
K organizmom, ktoré sú súèasou potravovej pyramídy zaraïujeme:;;Ekosystém a Zem
Pribline ko¾ko percent z primárnej hrubej produkcie ekosystému sa spotrebúva ivotom rastlín:;;Ekosystém a Zem
Ako oznaèujeme zvyšky škodlivıch látok v organizme:;;Ekosystém a Zem
V ktorıch spoloèenstvách je väèšia druhová rozmanitos:;;Ekosystém a Zem
Nevıhnutné spoluitie organizmov sa oznaèuje názvom:;;Ekosystém a Zem
Pod hustotou populácie rozumieme:;;Ekosystém a Zem
Ako sa oznaèujú organizmy, ktoré sú prakticky rozšírené na celom svete:;;Ekosystém a Zem
Ako oznaèujeme organizmy, pod¾a ktorıch môeme usudzova, aké vlastnosti prostredia:;;Ekosystém a Zem
Najstaršou érou vıvoja zemskej kôry:;;Ekosystém a Zem
Ako sa oznaèuje ivotnı priestor, kde ije jedinec:;;Ekosystém a Zem
Ako sa volá najstarší nález druhu ¾udského vıvoja rodu Homo z územia Afriky z obdobia 2-1,4 miliónov rokov:;;Ekosystém a Zem
Ktorı rod sa povauje za všeobecného predka ¾udoopíc:;;Ekosystém a Zem
Ako sa nazıvajú najstarší zástupca (rod) èe¾ade hominidi z Ázie a Afriky, ktorého existencia sa datuje do doby pred 14 a 12 miliónmi rokov:;;Ekosystém a Zem
Èo je ekologická kríza:;;Ekosystém a Zem
Ktoré príèiny ohrozenia ivej prírody:;;Ekosystém a Zem
V ktorom útvare vıvoja Zeme sa stáva èlovek vıznamnım èinite¾om v prírode:;;Ekosystém a Zem
Pribline ko¾ko percent z celkovıch zásob vody na Zemi tvoria zásoby sladkej vody:;;Ekosystém a Zem
Èo ovplyvòuje akos vody vo vodnıch tokoch:;;Ekosystém a Zem
Èo je tretím stupòom vıvoja ekosystému:;;Ekosystém a Zem
Èo je najstaršou geologicky datovate¾nou etapou vıvoja zemskej kôry:;;Ekosystém a Zem
Po ktorej ére vıvoja zemskej kôry nasleduje proteorozikum:;;Ekosystém a Zem
Ktoré sú závané spoloèensky škodlivé javy:;;Ekosystém a Zem
Èím sa vyznaèujú ekosystémy:;;Ekosystém a Zem
Medzi globálne problémy ivotného prostredia patria:;;Ekosystém a Zem
Toxikománia je:;;Ekosystém a Zem
Ko¾ko základnıch stupòov èistoty vodného toku poznáte:;;Ekosystém a Zem
Akou farbou sa oznaèuje IV. stupeò akosti vody vodného toku:;;Ekosystém a Zem
Akou farbou sa oznaèuje I. stupeò akosti vody vodného toku:;;Ekosystém a Zem
Kde sa nachádzajú hlavné zásoby fosforu, potrebné pre biotickú èas obehu:;;Ekosystém a Zem
Ako oznaèujeme spoloèenstvá ivoèíchov ijúcich na urèitom území:;;Ekosystém a Zem
Ako sa nazıva zmes látok, ktorá vzniká postupnım rozkladom odumretıch tiel organizmov v pôde:;;Ekosystém a Zem
Èo predstavuje ivú hmotu ekosystému:;;Ekosystém a Zem
K základnım typom potravinovıch reazcov patrí:;;Ekosystém a Zem
Ktoré základné vlastnosti charakterizujú populáciu:;;Ekosystém a Zem
Litosféru tvoria:;;Ekosystém a Zem
"Kto charakterizoval v 19. storoèí po prvıkrat ekológiu ako ""ekonómiu prírody"":";;Ekosystém a Zem
Štúdiom vzájomnıch vzahov medzi organizmami a ich prostredím sa zapodieva:;;Ekosystém a Zem
Ako sa nazıva súhrn všetkıch ekosystémov na Zemi:;;Ekosystém a Zem
Èo je stratigrafická tabu¾ka:;;Ekosystém a Zem
Základnou jednotkou evolúcie je:;;Ekosystém a Zem
Èo tvorí populáciu:;;Ekosystém a Zem
Zoraïte druh Homo sapiens do systému rodu primátov (rad, podrad, nadèe¾aï, rod):;;Ekosystém a Zem
Hominizácia je:;;Ekosystém a Zem
Ktorı americkı paleontológ rozpracoval Darwinovu myšlienku vetvenia vıvojovıch línií a stanovil pojem adaptívnej radiácie:;;Ekosystém a Zem
Ktorá kombinácia chlorofylu bola asi najvhodnejšia pre rozvoj zelenıch rias:;;Ekosystém a Zem
Tzv. základnı biogenetickı zákon stanovil:;;Ekosystém a Zem
Aké sú rozdiely medzi predátormi a parazitmi:;;Ekosystém a Zem
"Èo chápeme pod pojmom ""uzavretı cyklus vody"":";;Ekosystém a Zem
Peodlógia je:;;Ekosystém a Zem
Uveïte útvar prvohôr, kedy preniká ivot aj na súš (rastliny a bezstavovce):;;Ekosystém a Zem
Útvary treohôr:;;Ekosystém a Zem
Èo je druhım stupòom vıvoja ekosystému:;;Ekosystém a Zem
Útvary štvrohôr sú:;;Ekosystém a Zem
Èo je prvım stupòom vıvoja ekosystému:;;Ekosystém a Zem
Ako zniujeme nadmerné mnostvo odpadov:;;Ekosystém a Zem
Akı podiel z celkovıch zásob vody na Zemi je vyuite¾nı pre ivot:;;Ekosystém a Zem
Ako vznikajú imisie:;;Ekosystém a Zem
Ktorı z oxidov sa podie¾a na mechanizme tzv. skleníkového efektu:;;Ekosystém a Zem
Ktorı oxid je najrozšírenejšou neèistotou ovzdušia:;;Ekosystém a Zem
Hlavné myšlienky Darwinovej evoluènej teórie:;;Ekosystém a Zem
Homo erectus erectus:;;Ekosystém a Zem
O pôde platí, e:;;Ekosystém a Zem
Akou farbou sa oznaèuje II. stupeò akosti vody vodného toku:;;Ekosystém a Zem
Oligocén:;;Ekosystém a Zem
"Pre akostnı stupeò ""zneèistená voda"" vodného toku platí, e:";;Ekosystém a Zem
"Pre akostnı stupeò ""ve¾mi silne zneèistená voda"" vodného toku platí, e:";;Ekosystém a Zem
"Pre akostnı stupeò ""ve¾mi èistá voda"" vodného toku platí, e:";;Ekosystém a Zem
"Pre akostnı stupeò ""èistá voda"" vodného toku platí, e:";;Ekosystém a Zem
O treohorách platí, e:;;Ekosystém a Zem
"Pojem ""selekcia"" oznaèuje:";;Ekosystém a Zem
Akou farbou sa oznaèuje I.b stupeò akosti vody vodného toku:;;Ekosystém a Zem
Pre hodnotenie akosti vody vodného toku sa zisuje:;;Ekosystém a Zem
Akou farbou sa oznaèuje III. stupeò akosti vody vodného toku:;;Ekosystém a Zem
O starohorách platí, e:;;Ekosystém a Zem
"Pre akostnı stupeò ""silne zneèistená voda"" vodného toku platí, e:";;Ekosystém a Zem
ivotné podmienky organizmov sú tvorené:;;Ekosystém a Zem
K toku energie v ekosystéme patrí:;;Ekosystém a Zem
O podzemnıch vodách platí, e:;;Ekosystém a Zem
Prvé vodné nádre na Zemi:;;Ekosystém a Zem
Akı je poèet kríovıch stavcov v chrbtici èloveka:;;Ekosystém a Zem
Infekcia bunky vírusom prebieha vo fázach:;;Ekosystém a Zem
Pri akıch hodnotách (dB) hluku dochádza k poškodeniu sluchu:;;Ekosystém a Zem
Vá¾aè gú¾avı patrí do triedy:;;Ekosystém a Zem
Vzdušnice odovzdávajú kyslík:;;Ekosystém a Zem
Zo všetkıch mechanoreceptorov sú najcitlivejšie:;;Ekosystém a Zem
Èo sú parazity:;;Ekosystém a Zem
Tuky:;;Ekosystém a Zem
Je okostica pevne spojená s kosou:;;Ekosystém a Zem
Svaly, ktoré spôsobujú pritiahnutie, sa nazıvajú:;;Ekosystém a Zem
Zrelé erytrocyty majú jadro u:;;Ekosystém a Zem
Ako sa volá èas molekuly enzımu, ktorá urèuje jeho katalytickú funkciu a špecifickos:;;Ekosystém a Zem
Frekvencia vıskytu dominantnej alely je 0,97. Vypoèítajte aká je frekvencia dominantnıch homozygotov:;;Populaèné choroby
Ak zistíme, e v populácii vyskytuje 2500 recesívnych homozygotvo na 1 milión osôb, potom je frekvencia heterozygotov:;;Populaèné choroby
Recesívna alela podmieòujúca kvalitatívny znak sa v populácii vyskytuje s frekvenciou 10%. Frekvencia dominantnıch homozygotov pre tento znak je:;;Populaèné choroby
Recesívna alela podmieòujúca kvalitatívny znak sa v populácii vyskytuje s frekvenciou 10%. Frekvencia heterozygotov pre tento znak je:;;Populaèné choroby
Frekvenica vıskytu dominantnej alely je 0,97. Vypoèítajte aká je frekvencia recesívnych alel:;;Populaèné choroby
Ak zistíme, e sa v populácii vyskytuje 2500 recesívnych homozygotov na 1 milión osôb, potom je frekvencia dominantnıch homozygotov:;;Populaèné choroby
V sledovanej populácii sa zistilo, e autozomálne recesívne ochorenie sa vyskytuie jedenkrát na 10 000 osôb. Aká je frekvencia recesívnej alely v tejto populácii:;;Populaèné choroby
Autozomálne recesívny znak sa vyskytuje v populácii s frekvenciou 4 prípady na 10 000 osôb. Vypoèítajte, aká je frekvencia recesívnych alel v populácii:;;Populaèné choroby
Pri populaènom vıskume sa zistilo, e frekvencia dominantnej alely A je 0,90. Aká je frekvencia recesívnych homozygotov:;;Populaèné choroby
Recesívna alela podmieòujúca kvalitatívny znak sa v populácii vyskytuje s frekvenciou 10%. Frekvencia recesívnych homozygotov pre tento znak je:;;Populaèné choroby
Recesívna alela podmieòújúca kvalitatívny znak sa v populácii vyskytuje s frekvenciou 10%. Frekvencia dominantnıch homozygotov pre tento znak je:;;Populaèné choroby
Frekvencia vıskytu dominantnej alely je 0,97. Vypoèítajte aká je frekvencia heterozygotov:;;Populaèné choroby
Pri populaènom vıskume sa zistilo, e frekvencia dominantnej alely A je 0,90. Aká je frekvencia heterozygotov:;;Populaèné choroby
Autozomálne recesívny znak sa vyskytuje v populácii s frekvenciou 4 prípady na 10 000 osôb. Vypoèítajte, aká je frekvencia dominantnıch alel v populácii:;;Populaèné choroby
Frekvencia vıskytu dominantnej alely je 0,97. Vypoèítajte aká je frekvencia recesívnych homozygotov:;;Populaèné choroby
V sledovanej populácii sa zistilo, e autozomálne recesívne ochorenie sa vyskytuie jedenkrát na 10 000 osôb. Frekvencia heterozygotov pre tento znak je:;;Populaèné choroby
V sledovanej populácii sa zistilo, e autozomálne recesívne ochorenie sa vyskytuie jedenkrát na 10 000 osôb. Aká je frekvencia dominantnej alely v tejto populácii:;;Populaèné choroby
Autozomálne recesívny znak sa vyskytuje v populácii s frekvenciou 4 prípady na 10 000 osôb. Vypoèítajte, aká je frekvencia dominantnıch homozygotov v populácii:;;Populaèné choroby
Autozomálne recesívny znak sa vyskytuje v populácii s frekvenciou 4 prípady na 10 000 osôb. Vypoèítajte, aká je frekvencia heterozygotov v populácii:;;Populaèné choroby
Recesívna alela podmieòújúca kvalitatívny znak sa v populácii vyskytuje s frekvenciou 10%. Frekvencia dominantnıch alel pre tento znak je:;;Populaèné choroby
Recesívna alela podmieòújúca kvalitatívny znak sa v populácii vyskytuje s frekvenciou 20%. Aká je frekvencia dominantnıch alel pre tento znak je:;;Populaèné choroby
Autozomálne recesívny znak sa vyskytuje v populácii s frekvenciou 16 prípadov na 1 000 000 osôb. Aká je frekvencia heterozygotov:;;Populaèné choroby
Aká je frekvencia dominantnej alely, ak sa pri vıskume populácie zistilo, e frekvencia recesívnej alely je 0,13:;;Populaèné choroby
Aká je frekvencia dominantnıch homozygotov, keï sa pri populaènom vıskume zistilo, e frekvencia recesívnej alely je 0,04:;;Populaèné choroby
Ak sa dominantná alela vyskytuje v populácii s frekvenciou 0,92, aká je frekvencia vıskytu dominantnıch homozygotov:;;Populaèné choroby
Ak sa dominantná alela vyskytuje v populácii s frekvenciou 0,92, aká je frekvencia vıskytu heterozygotov:;;Populaèné choroby
Aká je frekvencia heterozygotov, ak sa v danej populácii vyskytuje 3600 recesívnych homozygotov na 1 000 000 osôb:;;Populaèné choroby
Aká je frekvencia recesívnych homozygotov, keï sa pri populaènom vıskume zistilo, e frekvencia recesívnej alely je 0,04:;;Populaèné choroby
Recesívna alela, ktorá podmieòuje kvalitatívny znak sa v populácii vyskytuje s frekvenciou 20%. Aká je frekvencia recesívnych homozygotov:;;Populaèné choroby
Autozomálne recesívny znak sa vyskytuje v populácii s frekvenciou 16 prípadov na 1 000 000 osôb. Aká je frekvencia dominantnıch homozygotov:;;Populaèné choroby
Ak poznáme frekvenciu dominantnej alely (p) v populácii a frekvenciu recesívnej alely (q), frekvenciu heterozygotov vypoèítame:;;Populaèné choroby
Autozomálne recesívny znak sa vyskytuje v populácii s frekvenciou 16 prípadov na 1 000 000 osôb. Aká je frekvencia recesívnych alel:;;Populaèné choroby
Ak poznáme frekvenciu recesívnych homozygotov v populácii, frekvenciu recesívnych alel vypoèítame:;;Populaèné choroby
Aká je frekvencia dominantnıch homozygotov, ak sa v danej populácii vyskytuje 3600 recesívnych homozygotov na 1 000 000 osôb:;;Populaèné choroby
Ak poznáme frekvenciu recesívnej alely (q) v populácii, potom frekvenciu dominantnej alely (p) vypoèítame:;;Populaèné choroby
Recesívna alela, ktorá podmieòuje kvalitatívny znak sa v populácii vyskytuje s frekvenciou 20%. Aká je frekvencia heterozygotov pre tento znak:;;Populaèné choroby
Ak poznáme frekvenciu recesívnej alely (g) v populácii, frekvenciu recesívnych homozygotov vypoèítame:;;Populaèné choroby
Ak poznáme frekvenciu dominantnej alely (p) v populácii, frekvenciu dominantnıch homozygotov vypoèítame:;;Populaèné choroby
Ak sa dominantná alela vyskytuje v populácii s frekvenciou 0,92 , aká je frekvencia vıskytu recesívnych homozygotov:;;Populaèné choroby
V sledovanej populácii sa autozomálne recesívny znak vyskytuje s frekvenciou 9 prípadov na 10 000 osôb. Aká je frekvencia heterozygotov:;;Populaèné choroby
Recesívna alela, ktorá podmieòuje kvalitatívny znak sa v populáci vyskytuje s frekvenciou 20%. Aká je frekvencia dominantnıch homozygotov pre tento znak:;;Populaèné choroby
Aká je frekvencia recesívnej alely, ak sa pri vıskume populácie zistilo, e frekvencia dominantnej alely je 0,86:;;Populaèné choroby
Autozomálne recesívny znak sa vyskytuje v populácii s frekvenciou 16 prípadov na 1 000 000 osôb. Aká je frekvencia dominantnıch alel:;;Populaèné choroby
Pri populaènom vıskume sa zistilo, e frekvencia dominantnej alely je 0,95. Aká je frekvencia recesívnych homozygotov:;;Populaèné choroby
Aká je frekvencia heterozygotov, keï sa pri populaènom vıskume zistilo, e frekvencia recesívnej alely je 0,04:;;Populaèné choroby
V sledovanej populácii sa autozomálne recesívny znak vyskytuje s frekvenciou 9 prípadov na 10 000 osôb. Aká je frekvencia recesívnych alel:;;Populaèné choroby
Ak frekvencia dominantnıch homozygotov v populácii je 96,04% (p=0,98), potom sa danı autozomálne recesívny znak vyskytuje v populácii s frekvenciou:;;Populaèné choroby
Aká je frekvencia dominantnej alely, keï sa pri populaènom vıskume zistilo, e frekvencia recesívnej alely je 0,04:;;Populaèné choroby
Pri populaènom vıskume sa zistilo, e frekvencia dominantnej alely je 0,95. Aká je frekvencia dominantnıch homozygotov:;;Populaèné choroby
V sledovanej populácii sa autozomálne recesívny znak vyskytuje s frekvenciou 9 prípadov na 10 000 osôb. Aká je frekvencia dominantnıch homozygotov:;;Populaèné choroby
Pri populaènom vıskume sa zistilo, e frekvencia dominantnej alely je 0,95. Aká je frekvencia heterozygotov:;;Populaèné choroby
Ak poznáme frekvenciu dominantnej alely (p) v populácii, potom frekvenciu recesívnej alely (q) vypoèítame:;;Populaèné choroby
V sledovanej populácii sa autozomálne recesívny znak vyskytuje s frekvenciou 9 prípadov na 10 000 osôb. Aká je frekvencia dominantnıch alel:;;Populaèné choroby
Ak poznáme frekvenciu dominantnıch homozygotov v populácii, frekvenciu dominantnıch alel vypoèítame:;;Populaèné choroby
