csv_question_id;question_text;question_image;question_category
1;Stav, keï sú ivotné deje obmedzené na minimum sa nazıva;;Všeobecné informácie
2;Môu sa bunky v niektorıch druhoch kolónií špecializova na urèité funkcie;;Všeobecné informácie
3;Reprodukèná izolácia druhu znamená, e;;Všeobecné informácie
4;Vıznam vody v organizme;;Všeobecné informácie
5;Akú špecifickos enzımov rozoznávame;;Všeobecné informácie
6;Èo je podstatné pre vegetatívne rozmnoovanie z h¾adiska dediènosti;;Všeobecné informácie
7;Gonochorizmus je;;Všeobecné informácie
8;Prispôsobivos organizmu k podmienkam vonkajšieho prostredia sa nazıva;;Všeobecné informácie
9;Inhibítory enzımov;;Všeobecné informácie
10;Je vybavenie bunky enzımami riadené geneticky;;Všeobecné informácie
11;V èom spoèíva substrátová špecifickos enzımov;;Všeobecné informácie
12;Ako sa nazıva kovalentná väzba v ATP, ktorá obsahuje ve¾ké mnostvo energie a ¾ahko sa štiepi;;Všeobecné informácie
13;Osmotická lıza bunky nastáva v prostredí;;Všeobecné informácie
14;Èo je základom pohlavného rozmnoovania mnohobunkovıch organizmov;;Všeobecné informácie
15;Zárodky všetkıch mnohobunkovıch ivoèíchov prejdú v individuálnom vıvine;;Všeobecné informácie
16;Pri ktorom z dvoch hlavnıch spôsobov rozmnoovania mnohobunkovıch organizmov je vzniknutı jedinec z genetického h¾adiska identickı s rodièovskım organizmom;;Všeobecné informácie
17;Aminokyseliny v molekule bielkovín sa spájajú väzbou:;;Všeobecné informácie
18;Konjugácia sa vyskytuje u;;Všeobecné informácie
19;Pohlavnı dimorfizmus je;;Všeobecné informácie
20;Medzi aplikované biologické vedy patri;;Všeobecné informácie
21;K modelovım organizmom, ktoré sa pouívajú v biologickıch pokusoch patria;;Všeobecné informácie
22;Inbreeding je;;Všeobecné informácie
23;Energia, uvo¾nená pri chemickıch procesoch, sa viae do chemickıch väzieb v zlúèenine, ktorú nazıvame;;Všeobecné informácie
24;Energetickı metabolizmus mono charakterizova ako;;Všeobecné informácie
25;Vedecké zákony sú;;Všeobecné informácie
26;Anaeróbna glykolıza je chemickı proces, ktorı prebieha;;Všeobecné informácie
27;Èo sú enzımy;;Všeobecné informácie
28;Ktoré je posledné štádium vıvoja indivídua;;Všeobecné informácie
29;Medicína patrí medzi vedy;;Všeobecné informácie
30;Katabolizmus je;;Všeobecné informácie
31;Do akıch vyšších celkov sa zoskupujú rozlièné tkanivá;;Všeobecné informácie
32;Z h¾adiska zloitosti jednotlivca organizmy delíme na;;Všeobecné informácie
33;Keï' sa rozštiepi jedna makroenergická väzba, uvo¾ní sa energia pribline;;Všeobecné informácie
34;Epitely majú funkciu;;Všeobecné informácie
35;Medzi vedy o vıvoji patri;;Všeobecné informácie
36;V èom spoèíva funkèná špecifickos enzımov;;Všeobecné informácie
37;Fertilizácia je;;Všeobecné informácie
38;Medzi vedy o vıvoji nepatri;;Všeobecné informácie
39;Bunky podobnej štruktúry a funkcie sa zoskupujú do vyšších celkov, ktoré sa nazıvajú;;Všeobecné informácie
40;Aké rastlinné pletivá rozlišujeme pod¾a zhrubnutia bunkovej steny;;Všeobecné informácie
41;Èím je daná substrátová špecifickos enzımu;;Všeobecné informácie
42;Individuálny vıvin kadého mnohobunkového ivoèícha s pohlavnım rozmnoovaním má etapu;;Všeobecné informácie
43;Vıvoj jedinca z neoplodneného vajíèka sa volá;;Všeobecné informácie
44;Anabolizmus je;;Všeobecné informácie
45;Regulácia v bunke je ovplyvnená;;Všeobecné informácie
46;Hermafroditizmus je;;Všeobecné informácie
47;Anatómia patri medzi vedy;;Všeobecné informácie
48;Prapohlavné bunky, z ktorıch vznikajú gaméty sú;;Všeobecné informácie
49;K vıznamnım predstavite¾om biológie patri;;Všeobecné informácie
50;Regulácie vo vyšších mnohobunkovıch organizmoch prebiehajú pod kontrolou;;Všeobecné informácie
51;Základné spôsoby rozmnoovania u mnohobunkovıch organizmov sú;;Všeobecné informácie
52;Èo obsahuje molekula ATP;;Všeobecné informácie
53;Ako sa oznaèuje proces, pri ktorom sa z jednoduchıch látok tvoria nové, telu vlastné zloité látky;;Všeobecné informácie
54;Ktoré polysacharidy majú stavebnú funkciu;;Všeobecné informácie
55;Spôsob riadenia, spoloènı pre všetky mnohobunkové organizmy je;;Všeobecné informácie
56;Látková regulácia je v porovnaní s nervovou reguláciou;;Všeobecné informácie
57;Diferenciácia je;;Všeobecné informácie
58;Medzi fyziologické vedy patri;;Všeobecné informácie
59;Mikrobiológia patrí medzi vedy;;Všeobecné informácie
60;Medzi samostatné biologické vedy patri;;Všeobecné informácie
61;Samèie pohlavné bunky u mnohobunkovıch organizmov sa nazıvajú;;Všeobecné informácie
62;Samièie gaméty èloveka sú;;Všeobecné informácie
63;Model priestorovej DNA vypracovali;;Všeobecné informácie
64;O makromolekulárnych organickıch latkách ivıch organizmov platí, e;;Všeobecné informácie
65;O mikrobiológii platí, e;;Všeobecné informácie
66;Hierarchické usporiadanie pod¾a zloitosti - od najjednoduchšieho po najzloitejšie, v organizme èloveka je;;Všeobecné informácie
67;Typy epitelov sú;;Všeobecné informácie
68;Metódy bádania pouívané v biologickıch vedách sú;;Všeobecné informácie
69;Všeobecné vlastnosti ivıch organizmov sú;;Všeobecné informácie
70;Voda;;Všeobecné informácie
71;Medzi aplikované biologické vedy nepatri;;Všeobecné informácie
72;Biotickımi faktormi prostredia sú;;Všeobecné informácie
73;Z disacharidov sa v bunkách vyskytuje;;Všeobecné informácie
74;Bionika patrí medzi vedy;;Všeobecné informácie
75;O regulaènıch mechanizmoch mnohobunkovıch organizmov platí, e;;Všeobecné informácie
76;Ktoré polysacharidy majú zásobnú funkciu;;Všeobecné informácie
77;Medzi samostatné biologické vedy nepatrí;;Všeobecné informácie
78;Biológia;;Všeobecné informácie
79;Abiotickımi faktormi prostredia sú;;Všeobecné informácie
80;Bielkoviny;;Všeobecné informácie
81;Priemerné zastúpenie najdôleitejších zlúèenín v ivıch organizmoch je;;Všeobecné informácie
82;Akı je vıznam bielkovín;;Všeobecné informácie
83;Charakteristiky, ktoré definujú organizmus ako jedinca sú;;Všeobecné informácie
84;Histológia;;Všeobecné informácie
85;Virológia je;;Všeobecné informácie
86;K vıznamnım vedcom, ktorí ili v 18.storoèí patrí;;Všeobecné informácie
87;Bakteriológia;;Všeobecné informácie
88;Traubeho mechúrik je;;Všeobecné informácie
89;Fyziológia sa zaoberá;;Bunková biológia
90;Transportné proteíny plazmatickej membrány sú;;Bunková biológia
91;Na povrchu buniek sa môe nachádza;;Bunková biológia
92;Jadro prokaryotickıch buniek;;Bunková biológia
93;Telová bunka èloveka má za normálnych okolností;;Bunková biológia
94;Bunkové delenie sa zastaví;;Bunková biológia
95;Pre G1 fázu bunkového cyklu je charakteristické;;Bunková biológia
96;Èo sú aktivátory enzımov;;Bunková biológia
97;Èo patrí k membránovej sústave eukaryotickıch buniek;;Bunková biológia
98;Biomembrány sa skladajú z;;Bunková biológia
99;V metafáze mitózy sa chromozómy;;Bunková biológia
100;Z ko¾kıch biomembrán sú tvorené mitochondrie;;Bunková biológia
101;Medzi organely eukaryotickıch buniek patrí;;Bunková biológia
102;Akı tvar majú mimojadrové chromozómy eukaryotickıch buniek;;Bunková biológia
103;Nepriame delenie eukaryotickej bunky sa nazıva;;Bunková biológia
104;Rıchlos difúzie závisí od;;Bunková biológia
105;Priebeh bunkového cyklu a jeho reguláciu mono dobre sledova na bunkách pestovanıch mimo organizmu;;Bunková biológia
106;Lyzozómy;;Bunková biológia
107;Medzi fázy mitotického delenia v eukaryotickıch bunkách patrí;;Bunková biológia
108;V ktorej fáze mitózy sa chromozómy skracujú a hrubnú;;Bunková biológia
109;Ako sa nazıvajú bunky s jednou chromozómovou sadou;;Bunková biológia
110;Generaèná doba bunky je;;Bunková biológia
111;Bunková stena eukaryotickej bunky môe obsahova;;Bunková biológia
112;Kde sa nachádzajú jadrové póry;;Bunková biológia
113;Osobitnı typ bunkového cyklu, ktorım vznikajú pohlavné bunky sa nazıva;;Bunková biológia
114;Bunka priemerne obsahuje;;Bunková biológia
115;Gény v bunke sa môu nachádza;;Bunková biológia
116;Plazmatická membrána buniek je;;Bunková biológia
117;Jeden z dôleitıch metabolickıch procesov v bunke, pri ktorom sa tvoria nové molekuly bielkovín sa nazıva;;Bunková biológia
118;K základnım funkciám bunky patrí;;Bunková biológia
119;Chromozómy môeme nájs;;Bunková biológia
120;V kadej bunke rozlišujeme;;Bunková biológia
121;Ako sa nazıvajú bunky, ktoré sa nekoordinovane delia a ohrozujú celistvos organizmu;;Bunková biológia
122;Ako sa volá proces, pri ktorom sa materská eukaryotická bunka rozdelí na dve rovnocenné dcérske bunky;;Bunková biológia
123;Schopnost' bunky pohlcovat mikroorganizmy sa nazıva;;Bunková biológia
124;Autotrofné bunky môu vyuíva energiu;;Bunková biológia
125;Súhrn regulaènıch procesov v bunke nazıvame;;Bunková biológia
126;Eukaryotickımi bunkami sú tvorené;;Bunková biológia
127;Ribozómy;;Bunková biológia
128;Ktoré vıznamné polysacharidy obsahuje rastlinná bunka;;Bunková biológia
129;Z akej bunky vzniká jedinec pri nepohlavnom rozmnoovaní;;Bunková biológia
130;Kde sa môu nachádza gény v prokaryotickıch bunkách mimo jadra;;Bunková biológia
131;Mitotickı aparát je tvorenı z;;Bunková biológia
132;Fosfolipidy v biomembráne sú usporiadané;;Bunková biológia
133;Syntéza bielkovín prebieha;;Bunková biológia
134;Vyskytujú sa gény eukaryotickıch buniek mimo jadra;;Bunková biológia
135;Základné regulaèné mechanizmy úèinnosti enzımov v bunke sú;;Bunková biológia
136;Cytológia je;;Bunková biológia
137;Somatická hybridizácia buniek: ;;Bunková biológia
138;Ko¾kımi biomembránami je obalené jadro;;Bunková biológia
139;Èo vykonáva funkciu lyzozómov v rastlinnıch bunkách;;Bunková biológia
140;Osmotická lıza bunky je jav;;Bunková biológia
141;Preèo je polopriepustnos plazmatickej membrány pre bunky zásadnou nevyhnutnosou;;Bunková biológia
142;Jadro;;Bunková biológia
143;Syntetickımi centrami buniek sú;;Bunková biológia
144;Keï sa osmotická hodnota prostredia zhoduje s osmotickou hodnotou bunky, je prostredie;;Bunková biológia
145;Glykogén je;;Bunková biológia
146;K replikácii DNA v bunke dochádza v;;Bunková biológia
147;Ako sa nazıva fáza bunkového cyklu, v ktorej prebieha replikácia jadrovej DNA a zdvojenie jadrovıch chromozómov;;Bunková biológia
148;Cytokinéza je;;Bunková biológia
149;Uveïte, ktoré látky sú osmoticky najúèinnejšie;;Bunková biológia
150;Ako sa nazıvajú ohranièené sústavy, v ktorıch prebieha vımena látok, energie a informácií;;Bunková biológia
151;Mitochondrie sú;;Bunková biológia
152;Aké formy endocytózy poznáte;;Bunková biológia
153;Bunky sa môu rozmnoova;;Bunková biológia
154;Všeobecnı mechanizmus vıdaja látok z buniek sa nazıva;;Bunková biológia
155;Medzi látky vstupujúce do bunky vo¾nou difúziou patri;;Bunková biológia
156;Bunka vyuíva osmotickú energiu na;;Bunková biológia
157;Jadierko sa skladá z;;Bunková biológia
158;Bunka sa v meióze rozdelí;;Bunková biológia
159;Ktoré monosacharidy sa vyskytujú v bunke;;Bunková biológia
160;Energia v bunke sa uvo¾òuje;;Bunková biológia
161;Vakuoly môeme nájs;;Bunková biológia
162;Pod¾a štruktúry delíme bunky na;;Bunková biológia
163;Enzymatická sústava oxidatívnej fosforylácie je lokalizovaná v;;Bunková biológia
164;K najdôleitejším mechanizmom, ktorımi sa uskutoèòuje príjem látok do bunky patri;;Bunková biológia
165;Chromatín tvorí;;Bunková biológia
166;Vyskytujú sa v cytoplazme buniek húb plastidy;;Bunková biológia
167;Bunkové organely, ktorıch základom sú biomembrány sa všeobecne nazıvajú;;Bunková biológia
168;Blastoméry sú;;Bunková biológia
169;V anafáze mitózy;;Bunková biológia
170;Bunkovı cyklus je;;Bunková biológia
171;V telofáze mitózy;;Bunková biológia
172;Vısledkom meiotického delenia buniek sú;;Bunková biológia
173;Z buniek ektodermy sa diferencujú;;Bunková biológia
174;Cytoskeletná sústava bunky;;Bunková biológia
175;Predpokladom identity genómov materskej a dcérskych buniek pri bunkovom delení je;;Bunková biológia
176;Hlavnı kontrolnı uzol bunkového cyklu sa nachádza v;;Bunková biológia
177;O chemickom zloení bunkovej steny eukaryotickej bunky platí, e;;Bunková biológia
178;Plazmodezmy sú;;Bunková biológia
179;Ribozómy prokaryotickıch buniek;;Bunková biológia
180;Poèet gonozómov v normálnej somatickej bunke mua aj eny je;;Bunková biológia
181;Eukaryotická bunka sa v mitóze rozdelí;;Bunková biológia
182;Bunka priemerne;;Bunková biológia
183;Fázy bunkové cyklu eukaryotickıch buniek za normálnych okolnosti relatívne v priemere trvajú (ak cely cyklus je 100%);;Bunková biológia
184;Èo sú lyzozómy;;Bunková biológia
185;K bunkovım štruktúram, ktoré nie sú zloené z membrány patria;;Bunková biológia
186;Ribozómy eukaryotickıch buniek;;Bunková biológia
187;Zo sacharidov sa v bunke vyskytujú;;Bunková biológia
188;Pre jednotlivé fázy bunkového cyklu eukaryotickej bunky platí:;;Bunková biológia
189;K fázam mitózy nepatri;;Bunková biológia
190;Dusíkové bázy sú v DNA komplementárne v pároch;;Bunková biológia
191;Majú plazmidy schopnos replikova sa samostatne;;Bunková biológia
192;Ako sa volá proces, vzniku dvoch novıch a rovnakıch molekúl DNA, identickıch s pôvodnou molekulou;;Bunková biológia
193;Akı vıznam majú plazmidy z h¾adiska lekárskej praxe;;DNA a RNA
194;Základnou stavebnou jednotkou nukleovıch kyselín je;;DNA a RNA
195;Kedy nastáva zdvojenie molekúl DNA;;DNA a RNA
196;Riadiacim vzorom (matricou) pri syntéze polypeptidového reazca v bunke je molekula;;DNA a RNA
197;Génové ininierstvo sa zaoberá;;DNA a RNA
198;Nositel'om mimojadrovıch génov je;;DNA a RNA
199;Molekulu DNA tvoria;;DNA a RNA
200;Podl'a úseku CAT AAG TAC AAC CGT CAC v DNA vznikne mRNA;;DNA a RNA
201;Biotechnológia;;DNA a RNA
202;Aké typy RNA poznáme;;DNA a RNA
203;Vlastnosti bielkovín, ktoré podmieòujú ich špecifické funkcie v bunke sú dané;;DNA a RNA
204;Èo kódujú gény pre RNA;;DNA a RNA
205;Èo rozumieme pod pojmom expresia štruktúrneho génu;;DNA a RNA
206;K základnım typom génov patria;;DNA a RNA
207;Plazmidy sú;;DNA a RNA
208;Èo je translácia;;DNA a RNA
209;Sekvencia antikodónov tRNA pri syntéze bielkoviny pod¾a pôvodného úseku génu v DNA CAA AAC TGT GCG TCA TTA CCA je;;DNA a RNA
210;Štruktúrny gén nesie;;DNA a RNA
211;Kodón je;;DNA a RNA
212;Medzi obidvoma polynukleotidovımi reazcami DNA existuje dôleitı vzah nazıvanı;;DNA a RNA
213;Èo je transkripcia;;DNA a RNA
214;Uveïte jednotlivé monosti komplementarity báz tRNA a mRNA;;DNA a RNA
215;Genetická informácia v molekulách DNA je uloená;;DNA a RNA
216;Komplementárne vlákno k úseku reazca ACT GCT TGT GTC AGT AA v DNA je;;DNA a RNA
217;Gény v plazmidoch;;DNA a RNA
218;Miera proteosyntézy je v bunke regulovaná:;;DNA a RNA
219;Špecifické trojice za sebou nasledujúcich nukleotidov v makromolekule DNA sa nazıvajú:;;DNA a RNA
220;Èoho sa zúèastòujú regulaèné gény:;;DNA a RNA
221;Chromatín sa skladá z:;;DNA a RNA
222;Nosite¾om genetickej informácie (génov) u väèšiny organizmov je:;;DNA a RNA
223;Princíp komplementarity v DNA znamená:;;DNA a RNA
224;Na základe komplementarity báz sa tymín viae s:;;DNA a RNA
225;Aké sú antikodóny v tRNA k úseku mRNA CGAUAUCGUGCU:;;DNA a RNA
226;Komplementárne vlákno DNA má oproti adenínu v reazci bázu:;;DNA a RNA
227;Komplementárne vlákno k úseku DNA GGG ATC TTC GAA je:;;DNA a RNA
228;Genetická informácia sa z DNA transkripciou prepisuje do:;;DNA a RNA
229;Iniciálky dusíkovıch báz nukleotidov sú:;;DNA a RNA
230;Aminokyseliny, z ktorıch sa skladajú bielkoviny:;;DNA a RNA
231;Na základe komplementarity báz sa uracil viae s:;;DNA a RNA
232;Mimojadrové molekuly DNA:;;DNA a RNA
233;O operóne Escherichia coli platí, e:;;DNA a RNA
234;Komplementárny reazec DNA má oproti:;;DNA a RNA
235;Akı poèet aminokyselín kóduje pri syntéze bielkovín úsek DNA ATG TCT TTT CGG GGC:;;DNA a RNA
236;Aminokyseliny môu by kódované:;;DNA a RNA
237;Akı bol úsek štruktúrneho génu, keï poradie báz v mRNA je GGA UAU CGU GCU:;;DNA a RNA
238;O syntéze RNA platí, e:;;DNA a RNA
239;Na základe komplementarity báz sa adenín viae s:;;DNA a RNA
240;DNA a RNA sa líšia:;;DNA a RNA
241;Dusíková báza uracil sa nachádza:;;DNA a RNA
242;Správna komplementarita báz DNA - mRNA pri transkripcii je:;;DNA a RNA
243;O syntéze DNA platí:;;DNA a RNA
244;Ak prepíšeme informáciu kodónov DNA CGT GGA TCC AAT do kodónov mRNA dostaneme:;;DNA a RNA
245;Aká je štruktúra komplementárnej èasti druhého vlákna DNA k úseku reazca AGA TCC GGG TTT:;;DNA a RNA
246;Aké je poradie nukleotidov mRNA transkribovanıch pod¾a úseku DNA TTC CCG GGG ATC C:;;DNA a RNA
247;Mimojadrové gény sa do ïalších generácií:;;DNA a RNA
248;Na základe komplementarity báz sa cytozín viae s:;;DNA a RNA
249;O syntéze bielkovín môeme správne tvrdi, e:;;DNA a RNA
250;RNA je nosite¾om genetickej informácie u:;;DNA a RNA
251;Nukleové kyseliny:;;DNA a RNA
252;Na základe komplementarity báz sa guanín viae s:;;DNA a RNA
253;Ak sú tRNA antikodóny GCA a GUA, aká bola sekvencia DNA v štruktúrnom?géne:;;DNA a RNA
254;Kedy vznikajú dedièné vıvinové chyby u èloveka:;;Genetika
255;Akú krvnú skupinu môe ma diea, keï matka má krvnú skupinu 0 a otec A:;;Genetika
256;Pri genómovıch mutáciách:;;Genetika
257;Èo je genetika:;;Genetika
258;Ko¾ko génov lokalizovanıch v heterologickej èasti chromozómu X poznáme:;;Genetika
259;Zdravi manelia majú dvoch synov, jeden z nich je daltonik. Aké sú genotypy obidvoch manelov:;;Genetika
260;Fenotypovı štiepny pomer pri kríení heterozygota s homozygotom recesívnym pri monohybridizme pri úplnej dominancii je:;;Genetika
261;Ako oznaèujeme proces kríenia dvoch jedincov, pri ktorom sledujeme prenos jedného génu, t.j. jedného alelového páru:;;Genetika
262;Úlohou genetickej prognózy je:;;Genetika
263;Daltonizmus je podmienenı:;;Genetika
264;Galaktozémia sa dedí: ;;Genetika
265;Genotyp jedinca homozygota recesívneho pre uvedené znaky je:;;Genetika
266;Matka má krvnú skupinu A. Otec má krvnú skupinu AB. Akú krvnú skupinu môe ma ich diea:;;Genetika
267;Nález Y chromozómu v karyotype znamená:;;Genetika
268;Fenotypovı štiepny pomer pri kríení dvoch heterozygotov s úplnou dominanciou pri monohybridizme je:;;Genetika
269;K základnım metódam š¾achtite¾stva patri:;;Genetika
270;Intermediarita je:;;Genetika
271;S akou pravdepodobnosou môe mat' ena prenášaèka daltonizmu s muom daltonikom farboslepú dcéru:;;Genetika
272;Obaja rodièia majú krvnú skupinu AB. Akú krvnú skupinu môu ma ich deti:;;Genetika
273;Hemofília (dedièná krvácavos) sa vyskytuje:;;Genetika
274;Pojem uniformita hybridov znamená, e:;;Genetika
275;Súbor všetkıch génov v jednej bunke sa nazıva:;;Genetika
276;Hmotnım základom dediènosti je:;;Genetika
277;Genotyp dihybrida homozygota dominantného pre prvı znak a homozygota recesívneho pre druhı znak je:;;Genetika
278;Mutácie rozoznávame:;;Genetika
279;Obidve deti majú krvnú skupinu 0. Aké krvné skupiny môu mat' ich rodièia:;;Genetika
280;Genetickou schémou kríenia heterozygota s homozygotom recesívnym je:;;Genetika
281;Obidvaja rodièia majú heterozygotne krvnú skupinu B. Aká je pravdepodobnos. e ich deti budú ma krvnú skupinu B:;;Genetika
282;Pri neúplnej dominancii alely B nad alelou b je heterozygot Bb fenotypovo:;;Genetika
283;Genotyp jedinca homozygota dominantného pre uvedené znaky je:;;Genetika
284;Mutagény:;;Genetika
285;Génové mutácie:;;Genetika
286;Ko¾ko autozómov obsahuje telová bunka èloveka:;;Genetika
287;Pohlavné chromozómy u ivoèíšnych druhov:;;Genetika
288;ena, prenášaèka hemofílie bude ma diea s hemofilikom. Môu ma aj zdravého syna:;;Genetika
289;Obaja rodièia majú heterozygotne krvnú skupinu B. Ich deti môu mat' krvnú skupinu:;;Genetika
290;Matka má krvnú skupinu 0, otec AB. Akú krvnú skupinu môu mat' ich deti:;;Genetika
291;Galaktozémia je:;;Genetika
292;Do ko¾kıch skupín sú usporiadané chromozómy v karyotype èloveka:;;Genetika
293;Jeden rodiè má heterozygotne krvnú skupinu A, druhy heterozygotne krvnú skupinu B. Akú krvnú skupinu môe mat' ich diea:;;Genetika
294;Jeden z rodièov má heterozygotne krvnú skupinu A, druhı homozygotne A.?Ich deti môu ma krvnú skupinu:;;Genetika
295;Fenotyp je:;;Genetika
296;Pri úplnej dominancii alely A nad alelou a je heterozygot Aa fenotypovo:;;Genetika
297;Môu mat' manelia daltonici farboslepé diea:;;Genetika
298;Súbor genotypovo a fenotypovo zhodnıch jedincov sa nazıva:;;Genetika
299;Obaja rodièia majú heterozygotne krvnú skupinu A. Ich deti môu mat' krvnú skupinu:;;Genetika
300;Rh faktor sa dedí ako znak:;;Genetika
301;Príkladom mendelovskej dediènosti normálneho ¾udského znaku je dediènos:;;Genetika
302;Genotyp jedinca heterozygota pre uvedené znaky je:;;Genetika
303;Polyploidia je:;;Genetika
304;Èo rozumieme pod pojmom polygénny systém pri dediènosti kvantitatívnych znakov:;;Genetika
305;Segregácia chromozómov je:;;Genetika
306;Budú deti farboslepej eny a zdravého mua schopné rozoznáva èervenú a zelenú farbu:;;Genetika
307;Asi ko¾ko dediènıch chorôb pozná v súèasnosti medicína: ;;Genetika
308;Genetickou schémou kríenia dvoch heterozygotov je:;;Genetika
309;Zmenu genofondu spôsobuje:;;Genetika
310;Ko¾kımi alelami je zastúpenı kadı gén v somatickej diploidnej bunke:;;Genetika
311;Ko¾ko chromozómov má somatická bunka èloveka:;;Genetika
312;Genofond je:;;Genetika
313;Aké je chromozómové urèenie pohlavia u:;;Genetika
314;Nezávislé skupiny èinite¾ov zapríèiòujúce premenlivos organizmov sú:;;Genetika
315;Gonozómy sú:;;Genetika
316;Karyotyp je:;;Genetika
317;Príkladom molekulovej choroby èloveka je:;;Genetika
318;Jeden z rodièov má krvnú skupinu A, druhy B. Ich deti môu ma krvné skupiny:;;Genetika
319;Pri monohybridnom kríení vzniká èistá línia, ak kríime:;;Genetika
320;Mutáciou sa môe zmeni:;;Genetika
321;Genotyp dihybrida homozygota recesívneho pre prvı znak a heterozygota pre druhı znak je:;;Genetika
322;Z dvoch detí je syn hemofilik a dcéra homozygotne zdravá. Aké sú genotypy ich rodièov:;;Genetika
323;K dediènım chorobám viazanım na heterochromozóm X u èloveka patri:;;Genetika
324;Pri kríení dvoch rôznych homozygotov (AA x aa), pri úplnej dominancii, je potomstvo v F1:;;Genetika
325;V potomstve kríenia dvoch heterozygotov (pri monohybridizme) je podiel dominantnıch homozygotov:;;Genetika
326;Aneuploidia je:;;Genetika
327;Farboslepos (daltonizmus) sa vyskytuje:;;Genetika
328;Genotypovı štiepny pomer potomstva pri kríení dvoch heterozygotov pri monohybridizme je:;;Genetika
329;Fenotypy u potomstva pri monohybridizme s neúplnou dominanciou v F2 generácii sú:;;Genetika
330;V genetickıch pokusoch sa èasto pouívali:;;Genetika
331;Chromozómy jedného páru, ktoré majú rovnakı tvar a ve¾kos:;;Genetika
332;K systému vıberu osôb na genetickı vıskum patrí:;;Genetika
333;Polygénny systém sa skladá z:;;Genetika
334;Otec a syn sú daltonici, kım matka rozlišuje farby normálne. Zdedil syn túto chorobu po otcovi:;;Genetika
335;Väzbová skupina génov je:;;Genetika
336;Schému, na ktorej sú gény na chromozóme usporiadané pod¾a ich poradia a vzdialenosti nazıvame:;;Genetika
337;Brat má krvnú skupinu AB, jeho sestra má krvnú skupinu 0. Genotypy krvnıch skupín ich rodièov sú:;;Genetika
338;Najviac ko¾ko generácií u èloveka môe objektívne sledova genetik:;;Genetika
339;Fenotypovı štiepny pomer v F2 u dihybridizmu s úplnou dominanciou je:;;Genetika
340;Gény:;;Genetika
341;Preèo nie je moné skúma dediènos èloveka metódou kríenia:;;Genetika
342;Obaja rodièia majú homozygotne krvnú skupinu A. Ich deti môu mat krvnú?skupinu:;;Genetika
343;Súbor všetkıch génov ivého organizmu sa nazıva:;;Genetika
344;Chromozómové mutácie:;;Genetika
345;Ko¾ko chromozómov obsahuje jedna chromozómová sada èloveka:;;Genetika
346;Kvalitatívne znaky sú:;;Genetika
347;Pri znaku recesívne dediènom, ktorého alela je na X chromozóme, budú:;;Genetika
348;Genotyp dihybrida homozygota recesívneho pre prvı znak a homozygota dominantného pre druhı znak je:;;Genetika
349;Variabilita:;;Genetika
350;Matka má heterozygotne krvnú skupinu A, jej diea má homozygotne krvnú skupinu A. Akú krvnú skupinu môe ma otec dieaa:;;Genetika
351;Otec má homozygotne krvnú skupinu A a matka má heterozygotne krvnú skupinu B. Ich deti môu mat krvnú skupinu:;;Genetika
352;U starej matky sa vyskytol autozomálne dominantnı znak. Jej dcéra tento znak nemá. Aká je pravdepodobnos', e vnúèa bude ma tento znak, ak je jeho otec recesívny homozygot pre danı znak:;;Genetika
353;O spontánnych mutáciách platí, e:;;Genetika
354;V potomstve kríenia dvoch heterozygotov (pri monohybridizme) je podiel heterozygotov:;;Genetika
355;Dcéra rozoznáva normálne èervenú a zelenú farbu, avšak jej matka je farboslepá. Dcéra sa vydala a jej manel nemá problémy pri rozlišovaní farieb. O pravdepodobnosti, e ich dcéra bude farboslepá platí, e:;;Genetika
356;Pri kríení dvoch rozliènıch homozygotov (pri monohybridizme) platí, e:;;Genetika
357;Pri kríení dvoch rovnakıch homozygotov (pri monohybridizme) platí, e:;;Genetika
358;O chromozómoch buniek èloveka platí, e:;;Genetika
359;Heterozygot:;;Genetika
360;O dihybridizme platí, e:;;Genetika
361;U starej matky sa vyskytol autozomálne recesívny znak. Jej dcéra tento znak nemá. Aká je pravdepodobnos, e ani vnúèa nebude ma tento znak, ak je jeho otec dominantnı homozygot pre danı znak:;;Genetika
362;Genotyp jedinca homozygota dominantného pre uvedené znaky je:;;Genetika
363;Pri kríení heterozygota s homozygotom recesívnym platí, e:;;Genetika
364;Ak má jedinec genotyp:;;Genetika
365;Matka má krvnú skupinu B a jej diea má krvnú skupinu A. Otcom dieaa môe by mu s krvnou skupinou:;;Genetika
366;Genotyp dihybrida heterozygota pre prvı znak a homozygota recesívneho pre druhı znak je:;;Genetika
367;Mutácie, pri ktorıch sa mení poèet chromozómov, ale nemenia sa gény ani štruktúra chromozómov sa nazıvajú:;;Genetika
368;O génoch malého úèinku platí, e:;;Genetika
369;Obidvaja rodièia majú krvnú skupinu A. Ich deti môu mat' krvné skupiny:;;Genetika
370;Prapohlavné bunky mnohobunkovıch organizmov, z ktorıch vznikajú gaméty:;;Genetika
371;Genotyp je:;;Genetika
372;Dcéra rozoznáva normálne èervenú a zelenú farbu, avšak jej matka je farboslepá.?Dcéra sa vydala a jej manel nemá problémy pri rozlišovaní farieb.?O pravdepodobnosti, e ich dcéra nebude farboslepá platí, e:;;Genetika
373;Genotyp homozygota dominantného pre prvı znak a heterozygota pre druhı znak je:;;Genetika
374;Dediènos:;;Genetika
375;Mutácie, pri ktorıch sa menia gény, ale nemení sa štruktúra ani poèet chromozómov sa nazıvajú:;;Genetika
376;Dcéra rozoznáva normálne èervenú a zelenú farbu, avšak jej matka je farboslepá. Dcéra sa vydala a jej manel nemá problémy pri rozlišovaní farieb. O pravdepodobnosti e ich syn bude farboslepı platí, e:;;Genetika
377;Akú krvnú skupinu môe mat' otec dieaa s krvnou skupinou AB, ak jeho matka má heterozygotne A:;;Genetika
378;U starej matky sa vyskytol autozomálne dominantnı znak s úplnou dominanciou.?Jej dcéra tento znak má (Aa). Aká je pravdepodobnos, e vnúèa bude ma tento znak ak je jeho otec heterozygot pre danı znak:;;Genetika
379;Genotyp jedinca heterozygota pre uvedené znaky je:;;Genetika
380;Chromozómová vıbava èloveka:;;Genetika
381;Matka má heterozygotne krvnú skupinu A, otec má kodominantne krvnú skupinu AB. Ich diea môe mat' krvnú skupinu:;;Genetika
382;U starej matky sa vyskytol autozomálne recesívny znak. Jej dcéra tento znak nemá. Aká je pravdepodobnos, e ani vnúèa nebude mat' tento znak, ak je jeho otec recesívny homozygot pre danı znak:;;Genetika
383;Môe diea zdedi farboslepos od rodièov, ak títo rozoznávajú farby normálne:;;Genetika
384;Ak má otec krvnú skupinu 0 a matka tie krvnú skupinu 0:;;Genetika
385;U starej matky sa vyskytol autozomálne dominantnı znak s neúplnou dominanciou. Jej dcéra tento znak nemá (je aa). Aká je pravdepodobnos, e vnúèa bude ma tento znak, ak je jeho otec heterozygot pre danı znak:;;Genetika
386;Matka rozlišuje farby normálne a nie je prenášaèka. Otec je farboslepı. O pravdepodobnosti, e ich diea bude farboslepé platí, e:;;Genetika
387;Najèastejšie sa vyskytujúcou aneuploídiou v našej populácii je:;;Genetika
388;Obidve sestry majú krvnú skupinu A. Aké môu by genotypy ich rodièov:;;Genetika
389;O èíselnom pomere, v ktorom sa potomstvo urèitého kríenia štiepi platí, e:;;Genetika
390;Pri kríení dvoch heterozygotov (pri monohybridizme) platí, e:;;Genetika
391;"Pojem ""panmixia"" oznaèuje:";;Genetika
392;Homozygot pri monohybridizme:;;Genetika
393;O kríení (hybridizácii) platí, e:;;Genetika
394;Matka je farboslepá a otec rozlišuje farby normálne. Narodil sa im syn a je farboslepı. O pravdepodobnosti e ich ïalšie diea bude farboslepé platí, e:;;Genetika
395;U starej matky sa vyskytol autozomálne dominantnı znak s neúplnou dominanciou. Jej dcéra tento znak nemá (je aa). Aká je pravdepodobnos, e vnúèa bude mat' tento znak, ak je jeho otec dominantnı homozygot pre danı znak:;;Genetika
396;U starej matky sa vyskytol autozomálne recesívny znak. Jej dcéra tento znak nemá. Aká je pravdepodobnos, e vnúèa bude ma tento znak, ak je jeho otec recesívny homozygot pre danı znak:;;Genetika
397;U starej matky sa vyskytol autozomálne recesívny znak. Jej dcéra tento znak nemá. Aká je pravdepodobnos, e vnúèa bude ma tento znak, ak je jeho otec dominantnı homozygot pre danı znak:;;Genetika
398;Genotyp jedinca homozygota recesívneho pre uvedené znaky je:;;Genetika
399;Sestra má krvnú skupinu A, jej brat má krvnú skupinu B. Genotypy krvnıch skupín rodièov môu by:;;Genetika
400;Dcéra rozoznáva normálne èervenú a zelenú farbu, avšak jej matka je farboslepá.?Dcéra sa vydala a jej manel nemá problémy pri rozlišovaní farieb.?O pravdepodobnosti e ich syn nebude farboslepı platí, e:;;Genetika
401;O génoch ve¾kého úèinku platí, e:;;Genetika
402;Ak má matka homozygotne krvnú skupinu B a otec heterozygotne krvnú skupinu A, ich diea môe ma:;;Genetika
403;Genotyp pentahybrida heterozygota pre prvı znak, dominantného homozygota pre druhı znak, heterozygota pre tretí znak, recesívneho homozygota pre štvrtı znak a dominantného homozygota pre piaty znak je:;;Genetika
404;V potomstve kríenia dvoch heterozygotov (pri monohybridizme) je podiel recesívnych homozygotov:;;Genetika
405;Genotyp trihybrida homozygota dominantného pre prvı znak, heterozygota pre druhı znak a recesívneho homozygota pre tretí znak je:;;Genetika
406;Alelovı pár:;;Genetika
407;V potomstve kríenia heterozygota s homozygotom recesívnym (pri monohybridizme) je genotypovı pomer potomkov:;;Genetika
408;Ak majú obaja rodièia krvnú skupinu kodominantne AB, potom ich potomkovia môu ma:;;Genetika
409;Gény:;;Genetika
410;Mutácie, pri ktorıch sa mení štruktúra chromozómov, ale nemenia sa gény ani poèet chromozómov sa nazıvajú:;;Genetika
411;Ako sa vyvoláva aktívna obrana pred infekciou u ¾udí:;;Virológia a baktérie
412;Jednobunkovce vytvárajú poèas nepriaznivıch podmienok na svojom povrchu: ;;Virológia a baktérie
413;Onkogénne vírusy môu vyvoláva:;;Virológia a baktérie
414;Majú jednobunkové organizmy vyvinuté jednoduché regulácie:;;Virológia a baktérie
415;Jednobunkové organizmy vytvárajúce panôky sú:;;Virológia a baktérie
416;Meòavky radíme medzi:;;Virológia a baktérie
417;Medzi jednobunkovce patria:;;Virológia a baktérie
418;Komár rodu Anofeles prenáša pôvodcu:;;Virológia a baktérie
419;Vírusy môu by tvorené:;;Virológia a baktérie
420;Kde sa nachádzajú protilátky v krvi:;;Virológia a baktérie
421;Ktoré baktérie trvalo ijú v hrubom èreve:;;Virológia a baktérie
422;K aktívnej imunizáciou organizmu dochádza po podaní:;;Virológia a baktérie
423;Antigén je:;;Virológia a baktérie
424;Pôsobením hnilobnıch baktérii sa uvo¾òuje: ;;Virológia a baktérie
425;O vznik bakteriológie sa zaslúili:;;Virológia a baktérie
426;Voš šatová prenáša pôvodcov:;;Virológia a baktérie
427;ardia èrevná sa vyskytuje:;;Virológia a baktérie
428;Ktoré typy N-baktérií sa podie¾ajú na premene dusíkatıch látok:;;Virológia a baktérie
429;Hepatitis epidemica je:;;Virológia a baktérie
430;Blchy prenášajú pôvodcov:;;Virológia a baktérie
431;Bunková stena rozsievok je prestúpená:;;Virológia a baktérie
432;Vírusy sa rozmnoujú:;;Virológia a baktérie
433;Jednobunkové organizmy odstraòujú odpadové látky:;;Virológia a baktérie
434;Aké typy vakuol nachádzame u meòaviek:;;Virológia a baktérie
435;Bunka baktérie sa rozmnouje:;;Virológia a baktérie
436;Mureín je:;;Virológia a baktérie
437;Meòavka, ktorá parazituje v malpigickıch trubiciach sa nazıva:;;Virológia a baktérie
438;Ktoré jednobunkovce vytvárajú kolónie:;;Virológia a baktérie
439;Streptokoky:;;Virológia a baktérie
440;T - lymfocyty zodpovedajú za:;;Virológia a baktérie
441;Pôvodcami malárie sú:;;Virológia a baktérie
442;Povrchová tenká blana jednobunkovcov sa nazıva:;;Virológia a baktérie
443;Vírusy u èloveka vyvolávajú:;;Virológia a baktérie
444;Bunky zodpovedné za aktívnu imunizáciu sú: ;;Virológia a baktérie
445;Medzi koreòonoce nepatri:;;Virológia a baktérie
446;Od akého typu bièíkovcov mono odvodi mohobunkovce:;;Virológia a baktérie
447;Baktérie mono nájs:;;Virológia a baktérie
448;Medzi endoparazity sa zaraïujú aj niektoré:;;Virológia a baktérie
449;Baktérie vyvolávajú:;;Virológia a baktérie
450;Èo vytvárajú baktérie v nepriaznivıch podmienkach:;;Virológia a baktérie
451;Imunoglobulíny sú:;;Virológia a baktérie
452;Pod¾a spôsobu vzniku a funkcie rozoznávame lymfocyty:;;Virológia a baktérie
453;Oèkovanie je zaloené na:;;Virológia a baktérie
454;Hemosporídie sa rozmnoujú:;;Virológia a baktérie
455;Ktorá skupina prvokov sa vyznaèuje prítomnosou dvoch jadier:;;Virológia a baktérie
456;Je jadro prokaryotickıch buniek ohranièené biomembránou:;;Virológia a baktérie
457;Kde sa rozmnoujú vírusy:;;Virológia a baktérie
458;Ako sa volá bièíkovec, ktorı parazituje na pokoke a v iabrach rıb:;;Virológia a baktérie
459;Stafylokoky:;;Virológia a baktérie
460;Medzi prokaryotické organizmy patria:;;Virológia a baktérie
461;B - lymfocyty zodpovedajú za:;;Virológia a baktérie
462;Bakteriofág je:;;Virológia a baktérie
463;Akú funkciu majú v organizme T-lymfocyty:;;Virológia a baktérie
464;Èo patrí k prejavom priamo súvisiacim s nešpecifickou bunkovou imunitou:;;Virológia a baktérie
465;Ktorı typ baktérií sa podie¾a na uvo¾òovaní dusíka do ovzdušia:;;Virológia a baktérie
466;Antigény erytrocytov:;;Virológia a baktérie
467;V ktorıch prokaryotickıch bunkách sa nachádzajú tylakoidy:;;Virológia a baktérie
468;Aká je priemerná ve¾kos baktérií:;;Virológia a baktérie
469;Nešpecifická imunita je:;;Virológia a baktérie
470;Apicomplexa:;;Virológia a baktérie
471;Èo je bakteriochlorofyl:;;Virológia a baktérie
472;Èo je prejavom protilátkovej špecifickej imunitnej reakcie:;;Virológia a baktérie
473;Ochrannı zákrok v èase, keï ešte nenastalo nebezpeèenstvo infekcie sa nazıva:;;Virológia a baktérie
474;U ktorıch ivoèíchov sa vyskytuje špecifická imunitná reakcia:;;Virológia a baktérie
475;Priame dodanie hotovıch protilátok do organizmu sa nazıva:;;Virológia a baktérie
476;Hemosporídie prekonávajú vıvoj:;;Virológia a baktérie
477;Pôvodcu tuberkulózy objavil:;;Virológia a baktérie
478;Aké formy imunitnej reakcie poznáte:;;Virológia a baktérie
479;Medzi bièíkaté baktérie patria:;;Virológia a baktérie
480;Bielkovinovı obal vírusu sa nazıva:;;Virológia a baktérie
481;Na svoj vıvin hemosporídie potrebujú hostite¾ov:;;Virológia a baktérie
482;Èo sprostredkuje bunkovú špecifickú imunitnú reakciu:;;Virológia a baktérie
483;Z hlavièky a bièíka sa skladá vírus:;;Virológia a baktérie
484;Spóra bakteriálnej bunky sa od materskej bunky odlišuje:;;Virológia a baktérie
485;Èo môe by na povrchu bielkovinového obalu väèšieho vírusu:;;Virológia a baktérie
486;K jednobunkovcom patria kmene:;;Virológia a baktérie
487;Meòavku dyzenterickú systematicky zatrieïujeme:;;Virológia a baktérie
488;Jednobunkovce:;;Virológia a baktérie
489;ardia èrevná a Bièovka rybia:;;Virológia a baktérie
490;Látka, ktorou sa fotosyntetizujúce baktérie líšia od prokaryotickıch aj eukaryotickıch rastlín sa nazıva:;;Virológia a baktérie
491;Ktorı vırok platí pre koreòonoce:;;Virológia a baktérie
492;K jednobunkovcom nepatria:;;Virológia a baktérie
493;Bièíkovce:;;Virológia a baktérie
494;O AIDS platí, e:;;Virológia a baktérie
495;O aglutinogénoch èloveka platí, e:;;Virológia a baktérie
496;Medzi ochorenia ivoèíchov alebo èloveka, ktoré vyvolávajú vírusy patri:;;Virológia a baktérie
497;Pelikula:;;Virológia a baktérie
498;K jednobunkovım organizmom patria:;;Virológia a baktérie
499;Èo platí o vıtrusovcoch:;;Virológia a baktérie
500;O vírusoch sú pravdivé tvrdenia, e:;;Virológia a baktérie
501;Prokaryotickı chromozóm:;;Virológia a baktérie
502;O vírusoch platí, e:;;Virológia a baktérie
503;Patogénne baktérie môu spôsobova:;;Virológia a baktérie
504;Paramecín je:;;Virológia a baktérie
505;Autotrofné organizmy:;;Virológia a baktérie
506;Transpirácia je:;;Rastliny a huby
507;Tylakoidy sú:;;Rastliny a huby
508;U siníc nachádzame:;;Rastliny a huby
509;Na pohybe transpiraèného prúdu rastlín sa zúèastòuje:;;Rastliny a huby
510;Svetelnú fázu fotosyntézy spojenú s premenou energie pokladáme za:;;Rastliny a huby
511;Zdrojom uhlíka pre autotrofné rastliny je:;;Rastliny a huby
512;Vápnik v rastlinnom organizme:;;Rastliny a huby
513;Fotoperiodizmus je prispôsobenie sa rastliny:;;Rastliny a huby
514;"K ""hnedej vıvojovej vetve"" rias patri:";;Rastliny a huby
515;Zygomycéty sa rozmnoujú:;;Rastliny a huby
516;Ktorı druh sIneèného iarenia je pre zelené rastliny priamym zdrojom energie:;;Rastliny a huby
517;Ako sa volá tlak, ktorı umoruje pohyb vody v koreni a vytláèa vodu do vyššie poloenıch pletív:;;Rastliny a huby
518;Podstatnú èas lišajníkov môe tvori symbióza:;;Rastliny a huby
519;Ktorá generácia prevláda v individuálnom vıvine machorastov:;;Rastliny a huby
520;Priebeh fotosyntézy najúèinnejšie ovplyvòuje svetlo:;;Rastliny a huby
521;Fytoncidy sú:;;Rastliny a huby
522;Spájavky patria medzi:;;Rastliny a huby
523;Oddelenia vyšších rastlín sú:;;Rastliny a huby
524;Transpiráciu rastlín ovplyvòujú:;;Rastliny a huby
525;Pohyby rastlín mono rozdeli na:;;Rastliny a huby
526;Rizomoid je:;;Rastliny a huby
527;Hnedé riasy majú chlorofyl:;;Rastliny a huby
528;Vodnı potenciál bunky vyjadruje:;;Rastliny a huby
529;Kyselina abscisová ako inhibítor:;;Rastliny a huby
530;Vodu vydáva rastlina v plynnom stave transpiráciou a v kvapalnom stave:;;Rastliny a huby
531;Èo sú endomycéty:;;Rastliny a huby
532;Rodozmena je:;;Rastliny a huby
533;Sporofyt je:;;Rastliny a huby
534;Pod¾a dvojice chlorofylov mono riasy deli' na:;;Rastliny a huby
535;Ktorá z vymenovanıch húb je jedlá:;;Rastliny a huby
536;V sekundárnych procesoch fotosyntézy sa:;;Rastliny a huby
537;O lišajníkoch sú správne tvrdenia:;;Rastliny a huby
538;Koreò má funkciu:;;Rastliny a huby
539;Medzi Endomycéty patri:;;Rastliny a huby
540;Tlakovı potenciál sa prejavuje:;;Rastliny a huby
541;Hlavnımi orgánmi transpirácie sú:;;Rastliny a huby
542;Kambium je:;;Rastliny a huby
543;Osmotická hodnota rastlinnej bunky závisí od:;;Rastliny a huby
544;Krytosemenné rastliny sa rozšírili v:;;Rastliny a huby
545;Pri pasívnom príjme molekuly vody difundujú cez vo¾né submikroskopické priestory v bunkovıch stenách, ich difúziu umoòuje:;;Rastliny a huby
546;Do ktorého oddelenia zaraïujeme triedu peèeòovky:;;Rastliny a huby
547;Najvıznamnejším procesom prebiehajúcim v chloroplastoch je:;;Rastliny a huby
548;Keï rastlinu zbavíme vody, získame:;;Rastliny a huby
549;Èo sú saprofyty:;;Rastliny a huby
550;Mykoríza je:;;Rastliny a huby
551;Zásobnou látkou húb je:;;Rastliny a huby
552;Aktivita vody v bunkách nezávisí od jej mnostva, ale od jej stavu, ktorı je vyjadrenı:;;Rastliny a huby
553;Ako sa nazıva zelené farbivo rastlín, ktoré má dôleitú úlohu v procese fotosyntézy:;;Rastliny a huby
554;Z kultúrnych rastlín má pomerne ve¾a eleza:;;Rastliny a huby
555;Zvıšením teploty po optimálnu teplotu sa fotosyntéza zrıch¾uje, ïalším zvyšovaním teploty sa proces:;;Rastliny a huby
556;Fotosyntéza vyšších rastlín sa uskutoèòuje v:;;Rastliny a huby
557;Medzi poloparazity patria:;;Rastliny a huby
558;Pod ontogenézou rastlín rozumieme:;;Rastliny a huby
559;Kvasinka vínna:;;Rastliny a huby
560;Huby patria medzi organizmy:;;Rastliny a huby
561;Za primárne procesy fotosyntézy pokladáme:;;Rastliny a huby
562;Mykoríza je:;;Rastliny a huby
563;Ako sa nazıvajú rastliny, ktoré ijú autotrofno-heterotrofnım spôsobom ivota:;;Rastliny a huby
564;Intenzitu fotosyntézy ovplyvòujú:;;Rastliny a huby
565;Proces prijatia uhlíka z oxidu uhlièitého za spoluúèasti iarivej energie a jeho zabudovávanie do organickıch zlúèenín nazıvame:;;Rastliny a huby
566;"K ""zelenej vıvojovej vetve"" rias patri:";;Rastliny a huby
567;K smrte¾ne jedovatım druhom húb patrí:;;Rastliny a huby
568;O tropizme hovoríme, keï:;;Rastliny a huby
569;Èo je kutikula:;;Rastliny a huby
570;Tmavı rokovitı útvar - náme¾:;;Rastliny a huby
571;Rod kvasinky patri do triedy:;;Rastliny a huby
572;Základné fyziologické funkcie zeleného listu sú:;;Rastliny a huby
573;Akı je rozdiel medzi tropizmom a nastiou:;;Rastliny a huby
574;Herbicídy mono charakterizova ako:;;Rastliny a huby
575;Penicillium notatum patrí medzi:;;Rastliny a huby
576;Obdobie vegetaèného pokoja oznaèujeme ako:;;Rastliny a huby
577;Z rastlinnıch orgánov najviac fosforu obsahujú:;;Rastliny a huby
578;Fotosyntéza prebieha v tepelnom rozmedzí:;;Rastliny a huby
579;Vyššie rastliny:;;Rastliny a huby
580;Bunka húb:;;Rastliny a huby
581;Ktoré sú typické èasti kvetu magnóliorastov:;;Rastliny a huby
582;Priraïte k vıvojovému stupòu stielky typického predstavite¾a:;;Rastliny a huby
583;Bunka húb z polysacharidov obsahuje:;;Rastliny a huby
584;Ktoré látky sa nenachádzajú v hubách:;;Rastliny a huby
585;Ktoré z uvedenıch sú oddeleniami vyšších rastlín:;;Rastliny a huby
586;Ktoré tvrdenie platí o machorastoch:;;Rastliny a huby
587;Pre oddelenie borovicorastov sú typickımi znakmi:;;Rastliny a huby
588;Oddeleniami vyšších rastlín sú:;;Rastliny a huby
589;Telo ryniorastov tvorí:;;Rastliny a huby
590;Ktoré rastliny zaraïujeme do triedy Bryatae:;;Rastliny a huby
591;Ktoré bunkové organely obsahuje bunka húb:;;Rastliny a huby
592;Èo zabezpeèuje siniciam modrozelené sfarbenie:;;Rastliny a huby
593;O placentovcoch sú správne tvrdenia:;;ivoèíchy
594;Korytnaèky zaraïujeme do:;;ivoèíchy
595;Èlánkonoce:;;ivoèíchy
596;Obojivelníky:;;ivoèíchy
597;Medzi ploskonosé opice patria:;;ivoèíchy
598;Ktoré dva odlišné typy pàhlivcov poznáte:;;ivoèíchy
599;Podtriedy cicavcov sú:;;ivoèíchy
600;Oznaète správne usporiadanie systematickıch jednotiek od najvyššej po najnišiu:;;ivoèíchy
601;Pavúkovce:;;ivoèíchy
602;Medzi najznámejšie rady pavúkovcov patria:;;ivoèíchy
603;Štádium polypa pozorujeme u:;;ivoèíchy
604;Ako sa volajú nepàhlivce, ktoré majú rebrovité pásy:;;ivoèíchy
605;Medzi Anamnia patria:;;ivoèíchy
606;Nezmara zaraïujeme do:;;ivoèíchy
607;Medzi bezzubé ve¾ryby patrí:;;ivoèíchy
608;Kruhoústnice:;;ivoèíchy
609;Triedami pàhlivcov sú:;;ivoèíchy
610;Kam zaraïujeme Ascídie:;;ivoèíchy
611;Uveïte kôrovce, ktoré sú dôleitou potravou rıb:;;ivoèíchy
612;Ktoré skupiny koreòonocov sú morské ivoèíchy:;;ivoèíchy
613;Amniota:;;ivoèíchy
614;ivoèíchy (Animalia):;;ivoèíchy
615;Kopijovce:;;ivoèíchy
616;Chondrichtyes zaraïujeme do:;;ivoèíchy
617;Vtákopysk:;;ivoèíchy
618;Rovnakonôky zaradujeme do:;;ivoèíchy
619;Plazy:;;ivoèíchy
620;Polypy a medúzy radíme do kmeòa:;;ivoèíchy
621;raloky mono zaradi:;;ivoèíchy
622;Taxonomicky patria medzi rady pravıch vtákov:;;ivoèíchy
623;Ktorá trieda mäkkıšov je vıvojovo najdokonalejšia:;;ivoèíchy
624;Hlavonoce radíme do kmeòa:;;ivoèíchy
625;Stavovce:;;ivoèíchy
626;Medzi triedy kmeòa ostnatokocov zaraïujeme:;;ivoèíchy
627;Na ktoré nepàhlivce vıvojovo nadväzujú ploskulice:;;ivoèíchy
628;Do kmeòa mäkkıšov patria:;;ivoèíchy
629;Svalovec špirálovitı patrí medzi:;;ivoèíchy
630;Máloštetinavce:;;ivoèíchy
631;Èajky:;;ivoèíchy
632;Rus domovı:;;ivoèíchy
633;Voška broskyòová:;;ivoèíchy
634;Do podríše Metazoa zaradujeme kmene:;;ivoèíchy
635;Do podkmeòa Vertebrata patria:;;ivoèíchy
636;O vtákoch platí, e:;;ivoèíchy
637;U chordát rozoznávame podkmene:;;ivoèíchy
638;O Arthropódach platí, e:;;ivoèíchy
639;Škodcovia kultúrnych rastlín sú:;;ivoèíchy
640;Najdôleitejšie triedy obrúèkavcov sú:;;ivoèíchy
641;O vtákoch platí, e:;;ivoèíchy
642;O kmeni mäkkıše platí, e:;;ivoèíchy
643;Medzi najvıznamnejšie rady placentovcov patria:;;ivoèíchy
644;Motıle:;;ivoèíchy
645;K úitkovım druhom hmyzu patrí:;;ivoèíchy
646;Medzi škodcov zásob z hmyzu patri:;;ivoèíchy
647;Priadka morušová:;;ivoèíchy
648;Ktorı z uvedenıch parazitov rastlín je hlístovec:;;ivoèíchy
649;U ktorıch ivoèíchov sa amoniak vyluèuje ako kyselina moèová:;;ivoèíchy
650;Vnútorná kostra druhoústovcov má pôvod:;;ivoèíchy
651;U ktorıch ivoèíchov sa amoniak vyluèuje ako moèovina:;;ivoèíchy
652;Èo sa tvorí z dusíkatıch zvyškov aminokyselín pri premene bielkovín:;;ivoèíchy
653;Farby dobre rozoznávajú:;;ivoèíchy
654;Èiernobiele videnie za šera umoòujú:;;ivoèíchy
655;Èo usmeròuje schopnos niších stavovcov meni zafarbenie tela:;;ivoèíchy
656;Plazmatické bielkoviny vznikajú najmä v:;;ivoèíchy
657;Ako mono nazva pravidelné striedanie vdychov a vıdychov:;;ivoèíchy
658;K èastiam alúdka preúvavcov patrí:;;ivoèíchy
659;Dej, pri ktorom biele krvinky vystupujú z vlásoèníc je:;;ivoèíchy
660;Zloité vrodené reakcie organizmu nazıvame:;;ivoèíchy
661;Èo nastáva pri šírení vzruchu po nervovom vlákne:;;ivoèíchy
662;Ktorá skupina ploskavcov najviac pouíva na pohyb svaly a riasinky:;;ivoèíchy
663;Kde konèia motorické nervové vlákna:;;ivoèíchy
664;Zásobnım zdrojom glukózy u ivoèíchov je:;;ivoèíchy
665;Vnútrobunkové trávenie sa vyskytuje u:;;ivoèíchy
666;U ktorıch ivoèíchov sa po prvı raz vyskytuje mimobunkové trávenie:;;ivoèíchy
667;Schopnos fagocytózy majú:;;ivoèíchy
668;U ktorıch ivoèíchov sa objavujú prvé nervové centrá - gangliá:;;ivoèíchy
669;Ko¾ko hlavovıch konèatín majú èlánkonoce:;;ivoèíchy
670;Akú nervovú sústavu majú polypovce:;;ivoèíchy
671;Senzorickou jednotkou nervovej regulácie sú:;;ivoèíchy
672;Miazgové uzliny sú schopné zachytáva:;;ivoèíchy
673;Èím je zabezpeèené nepretrité prúdenie krvi:;;ivoèíchy
674;Ako sa volá látka tvoriaca pevnı pancier tela èlánkonocov:;;ivoèíchy
675;Akımi svalmi sa pohybujú obrúèkavce:;;ivoèíchy
676;Na základe toho, odkia¾ prichádzajú podnety rozde¾ujeme receptory na:;;ivoèíchy
677;Ako sa nazıvajú bunky, ktoré tvoria základ protonefrídií:;;ivoèíchy
678;K endogénnym biorytmom zaraïujeme:;;ivoèíchy
679;Zloené oèi majú:;;ivoèíchy
680;Aké druhy telovıch tekutín majú obrúèkavce:;;ivoèíchy
681;Exogénne biorytmy:;;ivoèíchy
682;Z organickıch látok je v krvnej plazme najviac:;;ivoèíchy
683;U ploskavcov nachádzame:;;ivoèíchy
684;Obrúèkavce majú nervovú sústavu:;;ivoèíchy
685;Ktoré ploskavce potrebujú na svoj vıvin medzihostite¾ov:;;ivoèíchy
686;Hormóny u kôrovcov riadia:;;ivoèíchy
687;Akı typ vyluèovacích ústrojov majú ploskavce:;;ivoèíchy
688;Aké typy centralizovanej nervovej sústavy u niších ivoèíchov poznáte:;;ivoèíchy
689;¾azy s vnútornım vyluèovaním vyluèujú svoje sekréty:;;ivoèíchy
690;Hormóny u kôrovcov sa tvoria v:;;ivoèíchy
691;Srdce obojivelníkov:;;ivoèíchy
692;Aká je odpoveï orgánov na zvıšenie hladiny hormónov:;;ivoèíchy
693;Akú funkciu majú semenníky:;;ivoèíchy
694;Z organickıch látok sa moèom vyluèujú najmä:;;ivoèíchy
695;Ve¾a termoreceptorov sa nachádza:;;ivoèíchy
696;K obrannım dıchacím reflexom patri:;;ivoèíchy
697;Vzdušnicami dıchajú:;;ivoèíchy
698;Podrádenie sliznice hrtana, priedušnice a priedušiek vyvolá:;;ivoèíchy
699;Hormóny u obrúèkavcov:;;ivoèíchy
700;Hormóny:;;ivoèíchy
701;Èíry moè majú:;;ivoèíchy
702;Forma signálu, na ktorú je receptor najcitlivejší sa nazıva:;;ivoèíchy
703;Akı typ súmernosti má telo ostnatokocov v dospelosti:;;ivoèíchy
704;Z anorganickıch látok sa moèom vyluèujú najmä:;;ivoèíchy
705;Od èoho závisí aktivita ektotermnıch ivoèíchov:;;ivoèíchy
706;Malpighiho telieska:;;ivoèíchy
707;Z funkèného h¾adiska rozoznávame v obehovej sústave systém:;;ivoèíchy
708;Vımena plynov difúziou celım povrchom tela, ako hlavnı proces dıchania sa uskutoèòuje u:;;ivoèíchy
709;Aké druhy telovıch tekutín majú stavovce:;;ivoèíchy
710;Spálením ivín pri pouití 1 lit. kyslíka sa uvo¾ní energia:;;ivoèíchy
711;Podstatou zráania krvi je:;;ivoèíchy
712;Najmä aké svaly sa nachádzajú v stenách vnútornıch orgánov:;;ivoèíchy
713;Ktorá sústava zanikla u pásomníc:;;ivoèíchy
714;U ktorıch ivoèíchov prebieha biologické trávenie v hrubom èreve;;ivoèíchy
715;Spongín je:;;ivoèíchy
716;U ktorıch ivoèíchov sa v slinnıch ¾azách tvoria enzımy:;;ivoèíchy
717;Sú vitamíny zdrojom energie:;;ivoèíchy
718;Vyluèovacími ústrojmi niektorıch Èlánkonocov sú:;;ivoèíchy
719;Telová tekutina u väèšiny bezstavovcov:;;ivoèíchy
720;Na sliznici tenkého èreva èloveka vidno:;;ivoèíchy
721;Ktoré ivoèíchy majú vyvinutú mozgovú kôru:;;ivoèíchy
722;Medzi ektoparazity patri:;;ivoèíchy
723;Aká je èinnos vlásoèníc:;;ivoèíchy
724;Ako je riadenı metabolizmus:;;ivoèíchy
725;Komorové oèi majú:;;ivoèíchy
726;Zo zvierat majú vıborne vyvinutı èuch:;;ivoèíchy
727;Srdcovı sval je:;;ivoèíchy
728;Akımi nervovımi vláknami sa prenáša vzruch z koného receptora do mozgu:;;ivoèíchy
729;Vzruch na synapsii sa prenáša prostredníctvom:;;ivoèíchy
730;Resorpèná plocha sliznice tenkého èreva je zväèšená:;;ivoèíchy
731;Kto objavil neurón:;;ivoèíchy
732;Najdôleitejším orgánom metabolizmu je:;;ivoèíchy
733;Akı typ súmernosti má telo ostnatokocov v larválnom štádiu:;;ivoèíchy
734;K základnım charakteristikám kmeòa chordát patri:;;ivoèíchy
735;Kde sa nachádzajú tyèinky a èapíky:;;ivoèíchy
736;Uveïte, ktorı vzorec respiraèného kvocientu je správny:;;ivoèíchy
737;Podmienenı reflex vzniká:;;ivoèíchy
738;Èím sa prichytávajú motolice o telo hostite¾a:;;ivoèíchy
739;Aké je èlánkovanie tela u obrúèkavcov:;;ivoèíchy
740;Hormón:;;ivoèíchy
741;K zárodoènım vrstvám obrúèkavcov patrí:;;ivoèíchy
742;Ktorı hlístovec parazituje vo svaloch:;;ivoèíchy
743;Nestrávené zvyšky potravy sa vyluèujú z tela pri:;;ivoèíchy
744;U ktorıch ivoèíchov sa amoniak vyluèuje z tela priamo:;;ivoèíchy
745;Trávenina z tenkého do hrubého èreva sa dostáva:;;ivoèíchy
746;Kvalitatívne správne zlozená potrava obsahuje:;;ivoèíchy
747;Vyluèovanie parathormónu je ovplyvòované:;;ivoèíchy
748;Ktorá z uvedenıch liaz nie je pravou ¾azou s vnútornou sekréciou:;;ivoèíchy
749;Z akıch vajíèok sa u vèiel liahne potomstvo:;;ivoèíchy
750;Aké je srdce Skokana zeleného:;;ivoèíchy
751;Èo sú gemuly:;;ivoèíchy
752;Ako sa volá chemická látka charakteristická pre pláš plášovcov:;;ivoèíchy
753;Ktorá skupina ivoèíchov je vrcholom vıvoja èlánkonocov:;;ivoèíchy
754;Ktoré mnohobunkovce nemaiú vytvorené nervové a svalové tkanivo:;;ivoèíchy
755;Telo hubiek sa skladá:;;ivoèíchy
756;Všetky bunky ivoèíchov:;;ivoèíchy
757;Ktoré látky štiepi amyláza:;;ivoèíchy
758;Ktoré hormóny vyluèujú ¾azové bunky ostrovèekov pankreasu u vyšších tried stavovcov:;;ivoèíchy
759;Pijavice:;;ivoèíchy
760;Kopulaènı orgán hlavonocov sa nazıva:;;ivoèíchy
761;Príštiné telieska:;;ivoèíchy
762;Pod¾a druhu adekvátneho podnetu k hlavnım typom receptorov patria:;;ivoèíchy
763;V krvi cicavcov nachádzame:;;ivoèíchy
764;Kde prebieha vonkajšie dıchanie cicavcov:;;ivoèíchy
765;Z èoho sa skladá srdce krokodíla:;;ivoèíchy
766;Najviac mechanoreceptorov sa u ivoèíchov nachádza:;;ivoèíchy
767;Narušenie biorytmov môe ohrozi:;;ivoèíchy
768;Typ nervovej sústavy obrúèkavcov je:;;ivoèíchy
769;Nepodmienené reflexy sú:;;ivoèíchy
770;V ktorej èasti cievneho systému dochádza k vımene látok medzi krvou a tkanivovım mokom:;;ivoèíchy
771;Radiálna nervová sústava je u:;;ivoèíchy
772;Telová tekutina na najnišom vıvojovom stupni:;;ivoèíchy
773;Oblièky rozdelené na samostatné lalôèiky majú:;;ivoèíchy
774;Vrodené reflexy sú:;;ivoèíchy
775;Reflexy, ktoré sa vytvárajú a poèas ivota jedinca sú:;;ivoèíchy
776;Obrúèkavce odstraòujú odpadové látky:;;ivoèíchy
777;Protonefrídie:;;ivoèíchy
778;Ako sa rozde¾ujú biorytmy:;;ivoèíchy
779;Larva, korá sa vyskytuje vo vıvine morskıch mnohoštetinavcov sa volá:;;ivoèíchy
780;Ktoré hlístovce sú nebezpeènımi parazitmi èloveka a domácich zvierat:;;ivoèíchy
781;Èo je svalovı tonus:;;ivoèíchy
782;U ktorıch ivoèíchov sa vyskytuje heterotermia:;;ivoèíchy
783;Medzi endotermné ivoèíchy patria:;;ivoèíchy
784;Ústrojom rovnováhy kôrovcov je:;;ivoèíchy
785;Ako získavajú ivoèíchy a èlovek energiu na ivotné deje:;;ivoèíchy
786;Ako sa nazıvajú ivoèíchy s premenlivou teplotou tela:;;ivoèíchy
787;Lipáza sa môe vyskytova v alúdoènej šave u:;;ivoèíchy
788;Èo platí o polypoch a medúzach:;;ivoèíchy
789;Èo majú stavovce vyvinuté na ochranu organizmu pred cudzorodımi látkami, ktoré vnikli do organizmu:;;ivoèíchy
790;Homeostáza je:;;ivoèíchy
791;Najmenšie mnostvo energie, potrebnej na udrzanie ivota v úplom pokoji, nalaèno a pri optimálnej teplote sa nazıva:;;ivoèíchy
792;Na aké formy energie sa transformuje energia, získaná enzymatickım rozkladom organickıch látok potravy:;;ivoèíchy
793;Ktoré z uvedenıch zvierat sú hibernanty:;;ivoèíchy
794;Ktoré organizmy vytvárajú klony:;;ivoèíchy
795;Ve¾ryby dıchajú:;;ivoèíchy
796;Z èoho sa skladá srdce ve¾ryby:;;ivoèíchy
797;Vyluèovacími ústrojmi stavovcov sú:;;ivoèíchy
798;Èo nazıvame vnútornım dıchaním:;;ivoèíchy
799;Ako sa nazıvajú ivoèíchy so stálou teplotou tela:;;ivoèíchy
800;Prejavom èoho sú endogénne biorytmy:;;ivoèíchy
801;Zadnú èas mozgu vyšších stavovcov tvorí:;;ivoèíchy
802;Mucha bodavka prenáša:;;ivoèíchy
803;K èastiam, ktoré sa rozlišujú v rúrkovej nervovej sústave u stavovcov patri:;;ivoèíchy
804;K ústrednej nervovej sústave vyšších stavovcov patrí:;;ivoèíchy
805;Na èo sa premeni väèšia èas energie, získanej enzymatickım rozkladom organickıch látok potravy, ktorá sa biogénne netransformuje:;;ivoèíchy
806;Ktoré kôrovce cudzopasia na rybách:;;ivoèíchy
807;Kliešovité roztoèe prenášajú:;;ivoèíchy
808;Akım spôsobom prijímajú pásomnice potravu:;;ivoèíchy
809;Majú zrelé erytrocyty niektorıch ivoèíchov jadro:;;ivoèíchy
810;Ktoré ivoèíchy majú dobre vyvinutı prednı lalok hypofızy:;;ivoèíchy
811;Ko¾ko hormonálnych sústav má hmyz:;;ivoèíchy
812;Ktorım ivoèíchom celkom chıba èuch:;;ivoèíchy
813;Niektoré druhy rıb zachytávajú zvukové vIny:;;ivoèíchy
814;Ktoré sú hlavné znaky ivoèíchov:;;ivoèíchy
815;Ktoré blchy prechádzajú aj na èloveka:;;ivoèíchy
816;Hemoglobín cicavcov:;;ivoèíchy
817;O zimnıch spáèoch platí, e:;;ivoèíchy
818;Medzi základné zloky biologického regulaèného systému patrí:;;Èlovek
819;Tenké èrevo u èloveka:;;Èlovek
820;Dojèenské obdobie èloveka:;;Èlovek
821;Uvo¾nenie ¾udského vajíèka z Graafovho folikulu a jeho vyplavenie do ústia vajíèkovodu nastáva:;;Èlovek
822;Èervené krvinky u èloveka:;;Èlovek
823;Èo spôsobuje akomodaènı sval:;;Èlovek
824;Ako sa vyprázdòuje koneèník:;;Èlovek
825;Pepsín sa u èloveka vyluèuje ako:;;Èlovek
826;Aglutinogény sú:;;Èlovek
827;Hladké svaly sú ovládané:;;Èlovek
828;Ktorı z kåbov v tele èloveka je najzloitejší a jeden z najviac zaaenıch:;;Èlovek
829;Èo je stavebnou jednotkou kostrového svalu:;;Èlovek
830;Èo tvorí retikulárnu formáciu mozgu:;;Èlovek
831;Asi ko¾ko svalov má èlovek:;;Èlovek
832;?????Ko¾ko percent z hmotnosti tela predstavuje hmotnos svalov eny:;;Èlovek
833;?????V strednom mozgu èloveka je ústredie:;;Èlovek
834;Mozoèek èloveka sa podie¾a na:;;Èlovek
835;Ktoré vyznamné zvieraèe ovládané vô¾ou patria medzi svaly panvy:;;Èlovek
836;K svalom hlavy z funkèného h¾adiska patria:;;Èlovek
837;Èo je základnım funkènım prvkom nervovej sústavy:;;Èlovek
838;Èo je vrcholom vyššej nervovej èinnosti:;;Èlovek
839;Ku kostre dolnej konèatiny patri kos:;;Èlovek
840;Pre inzulín platí e:;;Èlovek
841;Akı je poèet driekovıch stavcov v chrbtici èloveka:;;Èlovek
842;Ako nazıvame miesto, kde sa spájajú vıbeky neurónov:;;Èlovek
843;Ktoré vıbeky nervovej bunky vedú vzruchy smerom k telu bunky:;;Èlovek
844;Ústredie pre riadenie dıchania je v:;;Èlovek
845;K dıchacej sústave èloveka patria:;;Èlovek
846;Materské mlieko:;;Èlovek
847;Na neuróne stavovcov mono rozlíši:;;Èlovek
848;Vitamín C je vıznamnı pre:;;Èlovek
849;Ako sa nazıva vitamín B6:;;Èlovek
850;Èlovek s krvnou skupinou 0 má aglutiníny:;;Èlovek
851;Poèas puberty:;;Èlovek
852;Reflex cicania:;;Èlovek
853;Èo je podstatou systému vlastností krvnıch skupín:;;Èlovek
854;Erytrocyty dospelého èloveka sa tvoria:;;Èlovek
855;Pri pôrode èloveka:;;Èlovek
856;Ktoré úseky má neurón z funkèného h¾adiska:;;Èlovek
857;Èlovek poèuje zvukové vIny s frekvenciou:;;Èlovek
858;Graafov folikul po uvo¾není vajíèka:;;Èlovek
859;Èo je slepá škvrna:;;Èlovek
860;Inzulín u èloveka vyluèujú:;;Èlovek
861;Akú funkciu má testosterón:;;Èlovek
862;Horná a dolná dutá ila:;;Èlovek
863;EKG je:;;Èlovek
864;Èo je miestom najostrejšieho videnia:;;Èlovek
865;Ktoré svaly hlavy pohybujú koou:;;Èlovek
866;Kåbové spojenie kosti:;;Èlovek
867;Tvorba moèu sa zaèína v:;;Èlovek
868;Nedostatok ktorého vitamínu nebol opísanı u èloveka:;;Èlovek
869;K základnım chuovım vnemom patrí vnímanie:;;Èlovek
870;V ktorej èasti mozgu èloveka je ústredie pre èuch:;;Èlovek
871;V ko¾kıch percentách sa u detí objavuje vrodené vykåbenie bedrového kåbu:;;Èlovek
872;Hemoglobín (najmä u dojèiat) sa vplyvom zvıšeného prísunu dusíkatıch látok do organizmu mení na:;;Èlovek
873;Èo patrí k spojivám:;;Èlovek
874;Kde sa formuje vedomá èinnos  èloveka:;;Èlovek
875;Patelárny reflex sa vyvolá úderom na:;;Èlovek
876;lté teliesko produkuje:;;Èlovek
877;Graafove folikuly vyluèujú:;;Èlovek
878;Èo produkujú vajeèníky:;;Èlovek
879;Ktoré hormóny zvyšujú odolnos organizmu proti stresu:;;Èlovek
880;Ktorı hormón riadi u stavovcov a èloveka hospodárenie s vodou:;;Èlovek
881;Ktorı vitamín sa zúèastòuje okyslièovacích dejov vo všetkıch bunkách:;;Èlovek
882;Ktorı z vitamínov je ve¾mi nestály:;;Èlovek
883;Priemerná hmotnos ¾udského mozgu je:;;Èlovek
884;Anti-Rh protilátky sa môu vytvára ak:;;Èlovek
885;Nedostatok ktorého vitamínu zapríèiòuje smrte¾nú chorobu beri-beri:;;Èlovek
886;Astigmatizmus:;;Èlovek
887;Kde sa uskutoèòuje subjektívne vnímanie polohy hlavy a jej zmien u èloveka:;;Èlovek
888;Kyselina chlorovodíková vytvára v alúdku èloveka kyslé prostredie, ktoré:;;Èlovek
889;Sekrécia glukokortikoidov je riadená:;;Èlovek
890;Svaly hrtana sa zúèastòujú:;;Èlovek
891;Aké tráviace enzımy vyluèuje èlovek do hrubého èreva:;;Èlovek
892;Na trávenie bielkovín v alúdku èloveka sa zúèastòuje:;;Èlovek
893;Akú funkciu má progesterón:;;Èlovek
894;Glukóza je nepostrádate¾ná pre:;;Èlovek
895;Koneènım produktom oxidácie všetkıch ivín u èloveka je:;;Èlovek
896;K tráviacej sústave èloveka patrí:;;Èlovek
897;Medzi vitamíny rozpustné vo vode patrí:;;Èlovek
898;Ko¾ko moèu vylúèi priemerne zdravı èlovek za deò:;;Èlovek
899;Èo zapríèiòuje zhubnú málokrvnos:;;Èlovek
900;Premenu vápnika v tele riadi hormón:;;Èlovek
901;Podrádenie sliznice nosa následne vyvolá:;;Èlovek
902;Medzi ochorenia srdcovocievnej sústavy patrí:;;Èlovek
903;Kou èloveka tvorí:;;Èlovek
904;Srdce èloveka v k¾ude preèerpá za 1 minútu pribline:;;Èlovek
905;Ktoré tepny zásobujú krvou srdcovı sval:;;Èlovek
906;Druhá signálová sústava je základom:;;Èlovek
907;Kde sa nachádzajú polmesiaèikovité chlopne:;;Èlovek
908;Starnutie je charakterizované:;;Èlovek
909;Jav, keï sa drádivos receptora v priebehu pôsobenia podnetu zniuje sa nazıva:;;Èlovek
910;lté teliesko je:;;Èlovek
911;Vnútromaternicovı vıvin èloveka zahròuje obdobie:;;Èlovek
912;Klimatérium je:;;Èlovek
913;lè u èloveka:;;Èlovek
914;Reprodukènı vek je obdobie:;;Èlovek
915;Hrubé èrevo èloveka:;;Èlovek
916;Ktorı sval v tele má zvláštne morfologice a funkèné postavenie:;;Èlovek
917;P¾úcne ily:;;Èlovek
918;P¾úcnica:;;Èlovek
919;Celkové mnostvo èervenıch krviniek sa obnoví pribline:;;Èlovek
920;Ko¾ko litrov krvi má priemernı dospelı èlovek:;;Èlovek
921;V ktorej èasti predného mozgu je ústredie reèi:;;Èlovek
922;O fázach menštruaèného cyklu u ien platí, e:;;Èlovek
923;Na ktoré frekvencie tónov je sluch èloveka najcitlivejší:;;Èlovek
924;Mimobunkovú tekutinu u èloveka tvorí:;;Èlovek
925;Mlieèny chrup má:;;Èlovek
926;V ktorej èasti mozgu èloveka zaèínajú zostupné pyramídové dráhy:;;Èlovek
927;Na trávenie tukov v tenkom èreve èloveka sa podie¾ajú:;;Èlovek
928;Aké svaly sú v dúhovke:;;Èlovek
929;Ako dlho priemerne ijú èervené krvinky èloveka:;;Èlovek
930;Ktorı sval konèí Achillovou š¾achou a uplatòuje sa vırazne pri chôdzi:;;Èlovek
931;Vo vnútri koncovıch èastí dlhıch kostí a v plochıch kostiach sa vyskytuje:;;Èlovek
932;Ktorá ¾aza tráviacej sústavy èloveka je najväèšia:;;Èlovek
933;V predåenej mieche sú reflexné centrá pre:;;Èlovek
934;Ko¾ko percent z hmotnosti tela predstavuje hmotnos svalov mua:;;Èlovek
935;Ku kolennému kåbu èloveka patrí:;;Èlovek
936;Ktorımi koreòmi chrbticovej miechy sa odvádzajú vzruchy k vıkonnım orgánom:;;Èlovek
937;Z akıch hlavnıch èastí sa skladá kostra hlavy:;;Èlovek
938;Akı je obyèajne poèet kostrèovıch stavcov v chrbtici èloveka:;;Èlovek
939;Ku kostre hornej konèatiny patrí kos:;;Èlovek
940;Akı je poèet hrudnıch stavcov v chrbtici èloveka:;;Èlovek
941;Èo tvorí vlastnı chuovı receptor:;;Èlovek
942;Ktoré z uvedenıch prvkov (izotopov) sú nebezpeèné pre ¾udskı organizmus:;;Èlovek
943;Základnou anatomickou a funkènou jednotkou nervovej sústavy je:;;Èlovek
944;Peèeò èloveka je zásobáròou:;;Èlovek
945;Svrabovcovité roztoèe parazitujú:;;Èlovek
946;V predåenej mieche sa nachádzajú ústredia:;;Èlovek
947;Spojenie medzi plodom a organizmom matky sprostredkuje:;;Èlovek
948;Placenta pre embryo a plod zabezpeèuje:;;Èlovek
949;Ko¾ko trvá priemerne vıvin jedinca v maternici u èloveka:;;Èlovek
950;Energia, vzniknutá pri oxidáciách sa v ¾udskom organizme skladá do:;;Èlovek
951;Na trávení sacharidov v tenkom èreve èloveka sa zúèastòuje:;;Èlovek
952;Pod¾a èoho rozde¾ujeme ¾udí do krvnıch skupín:;;Èlovek
953;Ako sa nazıvajú vlastné svetlocitové bunky u èloveka:;;Èlovek
954;Za normálnych okolností je minimálna plocha mozgovej kôry u èloveka:;;Èlovek
955;Akı obraz pozorovaného predmetu sa premieta na sietnicu ¾udského oka:;;Èlovek
956;Pot èloveka obsahuje:;;Èlovek
957;Èlovek (Homo sapiens) patrí medzi:;;Èlovek
958;Medzi dedièné patria u èloveka znaky:;;Èlovek
959;Koa dospelého èloveka:;;Èlovek
960;Naodblièky èloveka:;;Èlovek
961;Základnou funkènou jednotkou a stavebnou jednotkou ¾udskej oblièky je:;;Èlovek
962;Malı krvnı obeh konèí:;;Èlovek
963;Biele krvinky sa vyskytujú:;;Èlovek
964;Ktorı hormón produkujú semenníky u èloveka:;;Èlovek
965;Pri nedostatku ktorého vitamínu vzniká rohovatenie epitelov, vysychanie rohovky a spojoviek a šeroslepota:;;Èlovek
966;Nedostatoènım prívodom urèitıch vitamínov môe vzniknú:;;Èlovek
967;K vitamínom rozpustnım v tukoch patrí:;;Èlovek
968;Hospodárenie s minerálnymi látkami riadi:;;Èlovek
969;Nedostatok inzulínu spôsobuje:;;Èlovek
970;Kôra nadoblièiek èloveka produkuje:;;Èlovek
971;Aké èinitele ovplyvòujú rıchlos prúdenia krvi v cievach:;;Èlovek
972;Ako sa nazıva zmena napätia svalu bez jeho skrátenia:;;Èlovek
973;K hlavnım obdobiam ivota èloveka po narodení patrí:;;Èlovek
974;Najväèší a najdôleitejší podiel sušiny krvnej plazmy tvoria:;;Èlovek
975;Ktoré zlúèeniny negatívne ovplyvòujú ¾udské zdravie:;;Èlovek
976;Trávenia bielkovín v tenkom èreve èloveka sa zúèastòuje:;;Èlovek
977;K hlavnım súèastiam alúdkovej šavy èloveka patrí:;;Èlovek
978;Minútovı srdcovı objem je:;;Èlovek
979;Krvná plazma obsahuje:;;Èlovek
980;Priemernı minútovı dychovı objem dospelého èloveka v k¾ude je:;;Èlovek
981;Priblinı poèet neurónov v mozgovej kôre èloveka je:;;Èlovek
982;U èloveka sa na vdychu podie¾ajú najmä:;;Èlovek
983;Èo je riziková gravidita:;;Èlovek
984;Aké chlopne sú medzi predsieòami a komorami srdca:;;Èlovek
985;Základnou stavebnou a funkènou jednotkou oblièky je:;;Èlovek
986;Dôleitım dejom pri zastavení krvácania je:;;Èlovek
987;Zakladate¾om uèenia o vyššej nervovej èinnosti je:;;Èlovek
988;Vitamín K:;;Èlovek
989;Aké funkcie má v organizme peèeò:;;Èlovek
990;¼udské oko vníma svetelné vlnenie:;;Èlovek
991;Pallium:;;Èlovek
992;Èo tvorí vnútro hemisfér predného mozgu:;;Èlovek
993;Svalovı snopec tvorí pribline:;;Èlovek
994;K svalom tváre patrí:;;Èlovek
995;Ktorá èas mozgu je sídlom riadenia èinnosti vnútornıch orgánov:;;Èlovek
996;Ktorı sval hornej konèatiny je naahovaè:;;Èlovek
997;Diastola je:;;Èlovek
998;Ktorı sval hornej konèatiny je ohıbaè:;;Èlovek
999;Svaly pod¾a mikroskopickej stavby a funkènıch rozdielov rozlišujeme:;;Èlovek
1000;Akım spôsobom sa uskutoèòuje spojenie kostí;;Èlovek
1001;Do ktorej èasti mozgu vedú zrakové informácie u èloveka:;;Èlovek
1002;Ktorımi koreòmi chrbticovej miechy sa privádzajú vzruchy z rôznych èastí tela:;;Èlovek
1003;Hlavné èasti kostry ¾udského tela sú:;;Èlovek
1004;Systola je:;;Èlovek
1005;Akú funkciu má neuroglia:;;Èlovek
1006;Ktorı je najdôleitejší orgán vstrebávania u èloveka:;;Èlovek
1007;Aké typy kostí rozlišujeme pod¾a tvaru a ve¾kosti:;;Èlovek
1008;Èlovek má rebier:;;Èlovek
1009;Akı je poèet krènıch stavcov v chrbtici èloveka:;;Èlovek
1010;Pevnı väzivovı obal kostí:;;Èlovek
1011;Receptormi v koi mono rozlíši:;;Èlovek
1012;Èo odvádza okyslièenú krv z p¾úc:;;Èlovek
1013;Miestom fixovania podmienenıch reflexov u vyšších cicavcov a èloveka je:;;Èlovek
1014;Odstredivé nervové vlákna:;;Èlovek
1015;Spermie èloveka sa:;;Èlovek
1016;Medzi pohlavné choroby patrí:;;Èlovek
1017;Ktoré dôleité fyziologické funkcie plní krvnı obeh v organizme:;;Èlovek
1018;Ko¾ko folikulov pribline dozreje poèas pohlavnej zrelosti u eny:;;Èlovek
1019;Minútovı objem srdca závisí od:;;Èlovek
1020;V ktorej èasti mozgu èloveka je ústredie pre koné receptory:;;Èlovek
1021;Proprioreceptory:;;Èlovek
1022;V koi a slizniciach telovıch otvorov sú receptory, ktoré umoòujú vnímanie:;;Èlovek
1023;Aorta:;;Èlovek
1024;Pri rozvoji mlieènej ¾azy pôsobí:;;Èlovek
1025;Antidiuretickı hormón u èloveka:;;Èlovek
1026;Èo vyluèujú väzivové bunky dozrievajúceho folikula:;;Èlovek
1027;Èo je úèinnım prostriedkom na odvádzanie nadbytoèného tepla z povrchu tela:;;Èlovek
1028;V ¾udskom tele sa najviac tepla tvorí chemickımi premenami:;;Èlovek
1029;Pri odovzdávaní tepla z povrchu tela sa uplatòuje:;;Èlovek
1030;Ktorá ¾aza èloveka produkuje tyroxín:;;Èlovek
1031;Dreò nadoblièiek èloveka produkuje:;;Èlovek
1032;Akımi nervami je riadená èinnos drene nadoblièiek:;;Èlovek
1033;V metabolizme èloveka mono bielkoviny úplne nahradi:;;Èlovek
1034;Biologická hodnota bielkovın je daná:;;Èlovek
1035;V tele èloveka sa ukladajú do zásoby:;;Èlovek
1036;Prednı lalok hypofızy èloveka produkuje hormón:;;Èlovek
1037;Nedostatoèná èinnos štítnej ¾azy u mladého organizmu sa môe prejavi:;;Èlovek
1038;Glukagón:;;Èlovek
1039;Vitálna kapacita p¾úc je:;;Èlovek
1040;K ve¾kım párovım slinnım ¾azám èloveka patria ¾azy:;;Èlovek
1041;Sliny èloveka obsahujú:;;Èlovek
1042;Glykogén sa ukladá v:;;Èlovek
1043;Ko¾ko párov ve¾kıch slinnıch liaz vyluèuje sliny:;;Èlovek
1044;Štítna ¾aza:;;Èlovek
1045;Vitamíny vznikajú:;;Èlovek
1046;Svalové vlákna pod¾a spôsobu sahovania, štruktúry a obsahu urèitıch látok rozde¾ujeme na:;;Èlovek
1047;Ko¾ko tepov za minútu priemerne má zdravı dospelı èlovek pri telesnom pokoji:;;Èlovek
1048;Mozoèek èloveka je:;;Èlovek
1049;Akú funkciu má miecha:;;Èlovek
1050;Hypotalamus je:;;Èlovek
1051;Kinetické a statické orgány (receptory) èloveka sú uloené:;;Èlovek
1052;Trvalı chrup èloveka obsahuje:;;Èlovek
1053;Èo odvádza odkyslièenú krv z tela do srdca:;;Èlovek
1054;Na tvorbu hemoglobínu a erytrocytov je potrebné:;;Èlovek
1055;Èo môe spôsobi nedostatok eleza:;;Èlovek
1056;Tlak a obeh krvi:;;Èlovek
1057;Èinnosti, ktoré riadi podkôrové ústredie hypotalamus sú:;;Èlovek
1058;Hlavnou funkciou èervenıch krviniek je:;;Èlovek
1059;Ve¾kı krvnı obeh:;;Èlovek
1060;Ktorá hemisféra je dominantná:;;Èlovek
1061;Ktoré reflexy sa realizujú nezávisle od našej vôle:;;Èlovek
1062;O èastiach vyluèovacej sústavy u zdravého mua platí, e:;;Èlovek
1063;Otoèenie dlaòou nahor sa nazıva:;;Èlovek
1064;O lakovom kåbe platí:;;Èlovek
1065;Vitálna kapacita p¾úc èloveka:;;Èlovek
1066;Hladovanie:;;Èlovek
1067;O jednotlivıch èastiach celkovej kapacity p¾úc èloveka sú správne tvrdenia:;;Èlovek
1068;O priebehu pôrodu èloveka za fyziologickıch okolností platí, e:;;Èlovek
1069;O novorodeneckom období u èloveka platí, e:;;Èlovek
1070;"Odbornı termín pre ""povrchovı"" je:";;Èlovek
1071;V krvi zdravého èloveka môeme nájs:;;Èlovek
1072;Kostru hlavy tvorí:;;Èlovek
1073;Metabolizmus u èloveka:;;Èlovek
1074;Sacharidy sú u èloveka trávené:;;Èlovek
1075;"Odbornı termín pre smer ""k trupu"" na konèatinách je:";;Èlovek
1076;Kım sa u èloveka krv z pravej predsiene srdca dostane naspä do nej prejde postupne cez:;;Èlovek
1077;Poranenie kåbu kolena:;;Èlovek
1078;U starej matky sa vyskytol autozomálne recesívny znak. Jej dcéra tento znak nemá. Aká je pravdepodobnos, e vnúèa bude ma tento znak, ak je jeho otec heterozygot pre danı znak:;;Èlovek
1079;Sval, ktorı spôsobuje ohnutie v lakovom kåbe sa nazıva:;;Èlovek
1080;K svalom dolnej konèatiny zaraïujeme:;;Èlovek
1081;O èinnosti hrubého èreva èloveka platí e:;;Èlovek
1082;Na podlonom sklíèku sú dve kvapky krvného séra - v¾avo od èloveka s krvnou skupinou A a vpravo s krvnou skupinou B. Do kadej primiešame kvapku krvi vyšetrovanej osoby. Pod¾a vzniku aglutinácie:;;Èlovek
1083;O obsahu dusíka v plynoch pri dıchaní u èloveka platí, e:;;Èlovek
1084;Ktoré stavce chrbtice èloveka sú zrastené:;;Èlovek
1085;Na prierez koou vidíme:;;Èlovek
1086;Prednı mozog èloveka:;;Èlovek
1087;Sedimentácia èervenıch krviniek:;;Èlovek
1088;Zadnı mozog èloveka:;;Èlovek
1089;Zuby èloveka:;;Èlovek
1090;Moèovı mechúr u èloveka:;;Èlovek
1091;O dıchaní u èloveka platí, e:;;Èlovek
1092;Na zisovanie ostrosti zraku sa pouíva:;;Èlovek
1093;Tvar erytrocytov èloveka:;;Èlovek
1094;O dıchaní u èloveka všeobecne platí, e:;;Èlovek
1095;O období starnutia u èloveka platí, e:;;Èlovek
1096;O svaloch stehna u èloveka platí, e:;;Èlovek
1097;K svalom dolnej konèatiny patrí:;;Èlovek
1098;Trojklannı nerv:;;Èlovek
1099;O vitamíne A platí e:;;Èlovek
1100;O transfúzii (prevode) krvi platí, e:;;Èlovek
1101;O práci hrubého èreva zdravého èloveka platí e:;;Èlovek
1102;Ktoré tvrdenie o srdcovocievnom systéme èloveka nie je správne:;;Èlovek
1103;Kostra hornej konèatiny èloveka:;;Èlovek
1104;O biorytmoch platí, e:;;Èlovek
1105;V ktorej èasti dıchacej sústavy sa nachádzajú hlasivkové väzy a príklopka odde¾ujúca dıchaciu sústavu od tráviacej:;;Èlovek
1106;O priebehu gravidity a organizme matky za fyziologickıch okolností platí, e:;;Èlovek
1107;Kım sa u èloveka krv z pravej komory srdca dostane naspä do nej prejde postupne cez:;;Èlovek
1108;O èastiach vyluèovacej sústavy u zdravého èloveka platí, e:;;Èlovek
1109;Kostra èloveka:;;Èlovek
1110;Hrubá vláknina ¾udskej potravy:;;Èlovek
1111;Predåená miecha èloveka:;;Èlovek
1112;O vitamíne B12 platí, e:;;Èlovek
1113;Rh faktor sa vyskytuje u ¾udí:;;Èlovek
1114;O názvoch vitamínov platí, e:;;Èlovek
1115;Ako sa volá pevnı väzivovı  obal kosti èloveka:;;Èlovek
1116;Normálne hodnoty krvného tlaku v ramennej tepne zdravého dospelého èloveka sú:;;Èlovek
1117;O kostrovom svale platí, e:;;Èlovek
1118;O detskom období u èloveka platí, e:;;Èlovek
1119;Hlien - mucín:;;Èlovek
1120;Po fertilizácii, v normálnej ontogenéze èloveka dochádza k:;;Èlovek
1121;O svaloch predlaktia u èloveka platí, e:;;Èlovek
1122;Prednı mozog èloveka:;;Èlovek
1123;Ako sa nazıva spojenie, pri ktorom sú kosti oddelené kåbovou štrbinou:;;Èlovek
1124;O vitamíne D u èloveka platí e:;;Èlovek
1125;Prieèna os tela sa odborne nazıva:;;Èlovek
1126;O obsahu oxidu uhlièítého v plynoch pri dıchaní u èloveka platí, e:;;Èlovek
1127;O svaloch ramena u èloveka platí, e:;;Èlovek
1128;Medzimozog èloveka:;;Èlovek
1129;Nedostatok kyseliny pantoténovej u èloveka:;;Èlovek
1130;Kım sa u èloveka krv z ¾avej komory srdca dostane naspä do nej prejde ( s vınimkou vencovıch ciev) postupne cez:;;Èlovek
1131;Svaly brucha u èloveka:;;Èlovek
1132;Kåbovı maz v zdravom kåbe:;;Èlovek
1133;Ktorı sval sa zúèastòuje na zmenách polohy lopatky èloveka:;;Èlovek
1134;O pepsíne u èloveka platí, e:;;Èlovek
1135;Spánok:;;Èlovek
1136;Príštitné telieska èloveka:;;Èlovek
1137;Rastovı hormón u èloveka:;;Èlovek
1138;Tenké trámèeky kostí èloveka:;;Èlovek
1139;Dlhé svaly chrbta u èloveka:;;Èlovek
1140;Svaly, ktoré spôsobujú odtiahnutie, sa nazıvajú:;;Èlovek
1141;K svalom zadnej èasti trupu èloveka patrí:;;Èlovek
1142;Peèeò èloveka:;;Èlovek
1143;Na podlonom sklíèku sú dve kvapky krvného séra - v¾avo od èloveka s krvnou skupinou A a vpravo s krvnou skupinou B. Do kadej primiešame kvapku krvi vyšetrovanej osoby. Pod¾a vzniku aglutinácie:;;Èlovek
1144;Na vıdaji tepla z èloveka sa zúèastòuje:;;Èlovek
1145;V ústnej dutine èloveka sa uskutoèòuje:;;Èlovek
1146;O vápniku u èloveka platí, e:;;Èlovek
1147;Svaly hlavy èloveka:;;Èlovek
1148;Svaly hrudníka:;;Èlovek
1149;O ivinách v potrave èloveka platí, e:;;Èlovek
1150;Ktoré tvrdenie o srdcovocievnom systéme èloveka je správne:;;Èlovek
1151;Vyklenutı hrudník u èloveka tvorí:;;Èlovek
1152;Mnostvo erytrocytov èloveka:;;Èlovek
1153;O estrogénoch u eny platí, e:;;Èlovek
1154;O zlokách celkovej kapacity p¾úc u zdravého èloveka platí, e:;;Èlovek
1155;Smer chrbtovı pri šípovej osi èloveka sa odborne nazıva:;;Èlovek
1156;O proliferaènej fáze menštruaèného cyklu platí, e:;;Èlovek
1157;Podvıiva:;;Èlovek
1158;Kosti zoradené od najmenšej po najväèšiu sú:;;Èlovek
1159;Ako sa nazıva prístroj na meranie vitálnej kapacity p¾úc:;;Èlovek
1160;Chvost sa latinsky nazıva:;;Èlovek
1161;Najmohutnejším svalom stehna u èloveka je:;;Èlovek
1162;Ako vplıva parasympatikus na obehovú sústavu a srdce:;;Èlovek
1163;O vajeèníkoch èloveka platí, e:;;Èlovek
1164;Kım sa u èloveka krv z ¾avej predsiene srdca dostane naspä do nej prejde postupne cez:;;Èlovek
1165;Ohnutie sa odborne nazıva:;;Èlovek
1166;Krvná skupina A sa priemerne u nás vyskytuje asi u:;;Èlovek
1167;Prejavom nedostatku kyseliny askorbovej u èloveka je:;;Èlovek
1168;Uvedené stavebné zloky ¾udského tela sa priemerne podie¾ajú (v %) na jeho hmotnosti:;;Èlovek
1169;Osmotická lıza èervenıch krviniek nenastáva v prostredí:;;Èlovek
1170;Zvislá os tela èloveka sa odborne nazıva:;;Èlovek
1171;Poèet èervenıch krviniek zdravého èloveka nezávisí od:;;Èlovek
1172;K svalom prednej èasti trupu èloveka patrí:;;Èlovek
1173;Tlak, ktorı zodpovedá najvyššiemu tlaku krvi v tepne sa volá:;;Èlovek
1174;Podvıiva:;;Èlovek
1175;Kvapavka:;;Èlovek
1176;Na podlonom sklíèku sú dve kvapky krvného séra - v¾avo od èloveka s krvnou skupinou A a vpravo s krvnou skupinou B. Do kadej primiešame kvapku krvi vyšetrovanej osoby. Pod¾a vzniku aglutinácie:;;Èlovek
1177;Èinnos kostrovıch svalov umoòuje èloveku:;;Èlovek
1178;Svaly predlaktia èloveka:;;Èlovek
1179;Krvá skupina AB sa priemerne u nás vyskytuje asi u:;;Èlovek
1180;O luteálnej (sekreènej) fáze menštruaèného cyklu platí, e:;;Èlovek
1181;O oblièkách u zdravého èloveka platí, e:;;Èlovek
1182;Dobre vidiace osoby majú pri vzdialenosti 6 m oznaèenie ostrosti zraku:;;Èlovek
1183;"Smer na zvislej osi ""k chvostu"" sa u èloveka odborne nazıva:";;Èlovek
1184;Miazgové uzliny èloveka:;;Èlovek
1185;Na udriavanie teploty tela sa podie¾ajú:;;Èlovek
1186;Pre tvorbu zrakového purpuru (rodopsínu) je z vitamínov nevıhnutnı:;;Èlovek
1187;Odtiahnutie sa odborne nazıva:;;Èlovek
1188;O krvi zdravého èloveka platí, e:;;Èlovek
1189;Akı je rozdiel medzi mlieènymi a trvalımi zubami:;;Èlovek
1190;K dıchacím cestám u èloveka patria:;;Èlovek
1191;Vıznamnımi súèasami spojenia kåbu sú:;;Èlovek
1192;K celkovej kapacite p¾úc u èloveka patrí:;;Èlovek
1193;Svaly dolnej konèatiny sú:;;Èlovek
1194;Biele krvinky èloveka:;;Èlovek
1195;Ko¾ko gramov hemoglobínu má priemerne v 1 litri krvi zdravı dospelı mu:;;Èlovek
1196;Syfilis:;;Èlovek
1197;Krvné skupiny sústavy AB0 sa u nás vyskytujú v poradí (od najèastejšej po najmenej èastú):;;Èlovek
1198;Pri prieènej osi nazıvame smer od stredu tela:;;Èlovek
1199;O hlavovıch nervoch platí tvrdenie:;;Èlovek
1200;Normálne hodnoty krvného tlaku v ramennej tepne zdravého dospelého èloveka sú:;;Èlovek
1201;"Odbornı termín pre ""hlbokı"" je:";;Èlovek
1202;Èo môeme tvrdi o spojení nosièa a èapovca:;;Èlovek
1203;Hormôny drene nadoblièiek:;;Èlovek
1204;Krvná skupina 0 sa priemerne u nás vyskytuje asi u:;;Èlovek
1205;Èo platí o prvıch dvoch krènıch stavcoch a ich spojeniach:;;Èlovek
1206;Odstraòovanie škodlivıch látok u èloveka sa môe uskutoèòova:;;Èlovek
1207;Chrupkové spojenie kostí v tele èloveka tvoria:;;Èlovek
1208;O období dospelosti u èloveka platí, e:;;Èlovek
1209;O obsahu kyslíka v plynoch pri dıchaní u èloveka platí, e:;;Èlovek
1210;O semenníkoch èloveka platí, e:;;Èlovek
1211;V lebke sa spájajú kosti:;;Èlovek
1212;O dreni naodblièky èloveka platí:;;Èlovek
1213;Ktoré tvrdenie je správne pre trojklannı nerv:;;Èlovek
1214;Sedimentácia èervenıch krviniek:;;Èlovek
1215;Odbornı termín pre smer k prstom na konèatinách je:;;Èlovek
1216;Akou najvyššou rıchlosou postupuje vzruch v nervovom vlákne:;;Èlovek
1217;Medzi svaly chrbta u èloveka zaraïujeme:;;Èlovek
1218;U èloveka je súèasou krku:;;Èlovek
1219;Mozoèek èloveka:;;Èlovek
1220;O vitamíne C platí:;;Èlovek
1221;Na podlonom sklíèku sú dve kvapky krvného séra - v¾avo od èloveka s krvnou skupinou A a vpravo s krvnou skupinou B. Do kadej primiešame kvapku krvi vyšetrovanej osoby. Pod¾a vzniku aglutinácie:;;Èlovek
1222;O mnostve kyslíka, CO2 a dusíku vo vzduchu pri dıchaní u èloveka platí, e:;;Èlovek
1223;U èloveka rozoznávame pod¾a funkcie:;;Èlovek
1224;Ohnutie v lakovom kåbe:;;Èlovek
1225;O èinnosti tenkého èreva èloveka platí, e:;;Èlovek
1226;O èastiach vyluèovacej sústavy u zdravej eny platí, e:;;Èlovek
1227;Pritiahnutie sa odborne nazıva:;;Èlovek
1228;Mozoèek èloveka:;;Èlovek
1229;Pre zastavenie krvácania platí, e:;;Èlovek
1230;Medzi svaly dolnej konèatiny èloveka patria:;;Èlovek
1231;O zuboch u èloveka platí, e:;;Èlovek
1232;O Rh faktore platí, e:;;Èlovek
1233;O svaloch brucha u èloveka platí, e:;;Èlovek
1234;Na krku èloveka sa nachádzajú:;;Èlovek
1235;Retikulárna formácia èloveka:;;Èlovek
1236;O hormónoch u èloveka je pravdivé tvrdenie:;;Èlovek
1237;Svaly ramena u èloveka:;;Èlovek
1238;Kostrovı sval u èloveka:;;Èlovek
1239;O èinnosti oblièiek u zdravého èloveka platí, e:;;Èlovek
1240;Strednı mozog èloveka:;;Èlovek
1241;V koi èloveka sa nachádzajú:;;Èlovek
1242;¼avı je v lekárskej terminológii:;;Èlovek
1243;O hlavovıch nervoch platí:;;Èlovek
1244;Nedostatok niacínu sa u èloveka prejavuje:;;Èlovek
1245;O vitamíne B1 platí, e:;;Èlovek
1246;K rozmnoovacej sústave eny patrí:;;Èlovek
1247;Kam sa upína väèšina kostrovıch svalov èloveka:;;Èlovek
1248;Brušnı smer pri šípovej osi èloveka sa odborne nazıva:;;Èlovek
1249;Nedostatok vitamínu B2 sa u èloveka prejaví:;;Èlovek
1250;Medzi ¾azy s vnútornou sekréciou u èloveka nepatrí:;;Èlovek
1251;O dojèenskom období u èloveka platí, e:;;Èlovek
1252;Krvné skupiny sústavy AB0 sa u nás vyskytujú:;;Èlovek
1253;Svaly panvy u èloveka:;;Èlovek
1254;Tenké èrevo èloveka:;;Èlovek
1255;O menštruácii, ako fáze menštruaèného cyklu, platí, e:;;Èlovek
1256;Ako sa volá lèové farbivo, ktoré poskytuje s dymivou kyselinou dusiènou èervenú zrazeninu:;;Èlovek
1257;Sahom svalov, ktoré tvoria prunú brušnú stenu vzniká:;;Èlovek
1258;Zuby:;;Èlovek
1259;Nedostatok kobalamínu sa u èloveka prejavuje:;;Èlovek
1260;Èervená kostná dreò èloveka slúi na tvorbu:;;Èlovek
1261;Smr èloveka:;;Èlovek
1262;Na priereze kosti èloveka vidíme:;;Èlovek
1263;Èo je mozgová màtvica:;;Èlovek
1264;O ovulácii, ako fáze menštruaèného cyklu, platí, e:;;Èlovek
1265;Rozdiel medzi vitálnou kapacitou a minútovım objemom u zdravého dospelého èloveka je:;;Èlovek
1266;O období dospievania u èloveka platí, e:;;Èlovek
1267;V lakovom kåbe:;;Èlovek
1268;K rozmnoovacej sústave mua patrí:;;Èlovek
1269;O infekènıch ochoreniach dıchacích ciest u èloveka platí, e:;;Èlovek
1270;Rozmnoovanie:;;Èlovek
1271;Pohyb dlaòou nadol sa nazıva:;;Èlovek
1272;Pravı je v lekárskej terminológii:;;Èlovek
1273;Ko¾ko gramov hemoglobínu má v priemere v 1 litri krvi zdravá dospelá ena:;;Èlovek
1274;O vitamíne K u èloveka platí, e:;;Èlovek
1275;K svalom krku nepatrí:;;Èlovek
1276;Lebka èloveka sa po latinsky nazıva:;;Èlovek
1277;O potrebe ivín u zdravého èloveka platí, e:;;Èlovek
1278;O väzoch u èloveka platí, e:;;Èlovek
1279;O svaloch stehna u èloveka môeme tvrdi, e:;;Èlovek
1280;Otáèanie sa odborne nazıva:;;Èlovek
1281;K hornej konèatine patria svaly:;;Èlovek
1282;Smrte¾ná choroba vznikajúca pri úplnom nedostatku vitamínu B1 sa nazıva:;;Èlovek
1283;Svaly, ktoré spôsobujú ohnutie, sa nazıvajú:;;Èlovek
1284;Sval, ktorı nám umoòuje vytiahnu trup smerom nahor, keï visíme na hrazde za ruky, sa volá:;;Èlovek
1285;Dotykové plochy kåbu sú pokryté:;;Èlovek
1286;Tuènota:;;Èlovek
1287;Tlak, ktorı zodpovedá najnišiemu tlaku v tepne, sa volá:;;Èlovek
1288;Svaly, ktoré spôsobujú pohyb dlaòou nadol sa nazıvajú:;;Èlovek
1289;V lebke sa nespájajú kosti:;;Èlovek
1290;O èinnosti alúdka u èloveka platí, e:;;Èlovek
1291;O mechanike dıchania u èloveka platí, e:;;Èlovek
1292;O pyridoxíne platí, e:;;Èlovek
1293;Bedrovı kåb èloveka:;;Èlovek
1294;Medzi svaly dolnej konèatiny èloveka zaraïujeme:;;Èlovek
1295;Krvná skupina B sa priemerne u nás vyskytuje asi u:;;Èlovek
1296;Pri prieènej osi nazıvame smer k stredu tela:;;Èlovek
1297;Ako vplıva sympatikus na obehovú sústavu a srdce:;;Èlovek
1298;Na driekovom stavci nájdeme:;;Èlovek
1299;Rovina, ktorá rozde¾uje telo èloveka na dve zrkadlové polovice - ¾avú a pravú, sa nazıva:;;Èlovek
1300;Z akej vzdialenosti èítame pri zisovaní ostrosti zraku Snellovımi optotypmi:;;Èlovek
1301;O miazgovıch uzlinách u èloveka platí, e:;;Èlovek
1302;O placente u èloveka platí, e:;;Èlovek
1303;"Smer na zvislej osi ""k lebke"" sa u èloveka odborne nazıva:";;Èlovek
1304;O krvnej plazme u zdravého èloveka platí, e:;;Èlovek
1305;Na ktorom mieste sa zvyèajne pohmatom zisuje tep u èloveka:;;Èlovek
1306;Kosti správne zoradené od najväèšej po najmenšiu sú:;;Èlovek
1307;V pankreatickej šave èloveka sa nachádza:;;Èlovek
1308;O priebehu vnútromaternicového vıvoja u èloveka platí:;;Èlovek
1309;O miazgovej sústave èloveka platí, e:;;Èlovek
1310;Srdcová svalovina:;;Èlovek
1311;K svalom hornej konèatiny patrí:;;Èlovek
1312;K svalom krku patrí:;;Èlovek
1313;Zrelá èervená krvinka èloveka:;;Èlovek
1314;Trojhlavı sval lıtka:;;Èlovek
1315;O trojklannom nerve platí tvrdenie:;;Èlovek
1316;Svaly, ktoré spôsobujú pohyb dlaòou nahor sa nazıvajú:;;Èlovek
1317;Zloité spoloèenstvá ijúcich organizmov na urèitom území vytvárajú:;;Ekosystém a Zem
1318;Pod¾a základnıch fyzikálnych faktorov rozoznávame ekosystémy:;;Ekosystém a Zem
1319;Ktoré ekosystémy závisia od dodatkovej energie:;;Ekosystém a Zem
1320;Ko¾ko percent z celkovej produkcie z celej biosféry spotrebujú hospodárske zvieratá (potrava):;;Ekosystém a Zem
1321;Ko¾ko percent z celkovej produkcie celej biosféry spotrebuje èlovek (potrava):;;Ekosystém a Zem
1322;Èo je príèinou boja o ivot pod¾a Darwinovej evoluènej teórie:;;Ekosystém a Zem
1323;Útvary druhohôr sú:;;Ekosystém a Zem
1324;Èo tvorí ekosystém:;;Ekosystém a Zem
1325;Ako sa oznaèuje prechodné pásmo medzi jednotlivımi spoloèenstvami:;;Ekosystém a Zem
1326;Indikátormi organického zneèistenia vôd sú:;;Ekosystém a Zem
1327;Ktorá trieda polochordátov vymrela:;;Ekosystém a Zem
1328;Provotné ivé sústavy sa vyivovali:;;Ekosystém a Zem
1329;Základné vrstvy atmosféry sú:;;Ekosystém a Zem
1330;Ktorá vrstva atmosféry zachytáva väèšinu ultrafialového iarenia:;;Ekosystém a Zem
1331;Ako oznaèujeme sústavu tvorenú biocenózou a jej neivım prostredím:;;Ekosystém a Zem
1332;Zloité spoloèenstvá rastlín oznaèujeme ako:;;Ekosystém a Zem
1333;Odkia¾ vychádza vıvojová línia rodu Homo:;;Ekosystém a Zem
1334;Homo sapiens il u pred:;;Ekosystém a Zem
1335;Ako sa volá zástupca vıvojového radu Homo, ktorı il pred miliónom a 350 tisíc rokmi:;;Ekosystém a Zem
1336;V druhohorách sa diferencovali:;;Ekosystém a Zem
1337;V ktorom útvare druhohôr sa vyskytli prvé cicavce:;;Ekosystém a Zem
1338;Ktoré èinnosti èloveka môu negatívne ovplyvòova ivotné prostredie:;;Ekosystém a Zem
1339;Na rozhraní ktorıch ér vznikli rybovité stavovce:;;Ekosystém a Zem
1340;Imisie:;;Ekosystém a Zem
1341;Akı vıznam majú nitrifikaèné baktérie:;;Ekosystém a Zem
1342;Ako oznaèujeme proces, pri ktorom dochádza k rozvetvovaniu vıvojovıch línií a k vzniku novıch druhov:;;Ekosystém a Zem
1343;Èo je hydrologickı cyklus:;;Ekosystém a Zem
1344;Aké bunky mali prvotné ivé sústavy:;;Ekosystém a Zem
1345;Ako nazıvame prvotné ivé sústavy:;;Ekosystém a Zem
1346;Medzi abiotické faktory prostredia patrí:;;Ekosystém a Zem
1347;Útvary mladších prvohôr sú:;;Ekosystém a Zem
1348;Svetelnı reim v prírode je podmienenı:;;Ekosystém a Zem
1349;Ekologická valencia je:;;Ekosystém a Zem
1350;Útvary starších prvohôr sú:;;Ekosystém a Zem
1351;Hydrosféru tvorí:;;Ekosystém a Zem
1352;Èo je pôdna erózia:;;Ekosystém a Zem
1353;Uveïte kovy, ktoré sa hromadia v pôde v dôsledku emisií:;;Ekosystém a Zem
1354;Plynné, kvapalné a pevné látky, ktoré sa dostávajú do ovzdušia sa súhrnne nazıvajú:;;Ekosystém a Zem
1355;Aké formy slneèného iarenia poznáte:;;Ekosystém a Zem
1356;K organizmom, ktoré sú súèasou potravovej pyramídy zaraïujeme:;;Ekosystém a Zem
1357;Pribline ko¾ko percent z primárnej hrubej produkcie ekosystému sa spotrebúva ivotom rastlín:;;Ekosystém a Zem
1358;Ako oznaèujeme zvyšky škodlivıch látok v organizme:;;Ekosystém a Zem
1359;V ktorıch spoloèenstvách je väèšia druhová rozmanitos:;;Ekosystém a Zem
1360;Nevıhnutné spoluitie organizmov sa oznaèuje názvom:;;Ekosystém a Zem
1361;Pod hustotou populácie rozumieme:;;Ekosystém a Zem
1362;Ako sa oznaèujú organizmy, ktoré sú prakticky rozšírené na celom svete:;;Ekosystém a Zem
1363;Ako oznaèujeme organizmy, pod¾a ktorıch môeme usudzova, aké vlastnosti prostredia:;;Ekosystém a Zem
1364;Najstaršou érou vıvoja zemskej kôry:;;Ekosystém a Zem
1365;Ako sa oznaèuje ivotnı priestor, kde ije jedinec:;;Ekosystém a Zem
1366;Ako sa volá najstarší nález druhu ¾udského vıvoja rodu Homo z územia Afriky z obdobia 2-1,4 miliónov rokov:;;Ekosystém a Zem
1367;Ktorı rod sa povauje za všeobecného predka ¾udoopíc:;;Ekosystém a Zem
1368;Ako sa nazıvajú najstarší zástupca (rod) èe¾ade hominidi z Ázie a Afriky, ktorého existencia sa datuje do doby pred 14 a 12 miliónmi rokov:;;Ekosystém a Zem
1369;Èo je ekologická kríza:;;Ekosystém a Zem
1370;Ktoré príèiny ohrozenia ivej prírody:;;Ekosystém a Zem
1371;V ktorom útvare vıvoja Zeme sa stáva èlovek vıznamnım èinite¾om v prírode:;;Ekosystém a Zem
1372;Pribline ko¾ko percent z celkovıch zásob vody na Zemi tvoria zásoby sladkej vody:;;Ekosystém a Zem
1373;Èo ovplyvòuje akos vody vo vodnıch tokoch:;;Ekosystém a Zem
1374;Èo je tretím stupòom vıvoja ekosystému:;;Ekosystém a Zem
1375;Èo je najstaršou geologicky datovate¾nou etapou vıvoja zemskej kôry:;;Ekosystém a Zem
1376;Po ktorej ére vıvoja zemskej kôry nasleduje proteorozikum:;;Ekosystém a Zem
1377;Ktoré sú závané spoloèensky škodlivé javy:;;Ekosystém a Zem
1378;Èím sa vyznaèujú ekosystémy:;;Ekosystém a Zem
1379;Medzi globálne problémy ivotného prostredia patria:;;Ekosystém a Zem
1380;Toxikománia je:;;Ekosystém a Zem
1381;Ko¾ko základnıch stupòov èistoty vodného toku poznáte:;;Ekosystém a Zem
1382;Akou farbou sa oznaèuje IV. stupeò akosti vody vodného toku:;;Ekosystém a Zem
1383;Akou farbou sa oznaèuje I. stupeò akosti vody vodného toku:;;Ekosystém a Zem
1384;Kde sa nachádzajú hlavné zásoby fosforu, potrebné pre biotickú èas obehu:;;Ekosystém a Zem
1385;Ako oznaèujeme spoloèenstvá ivoèíchov ijúcich na urèitom území:;;Ekosystém a Zem
1386;Ako sa nazıva zmes látok, ktorá vzniká postupnım rozkladom odumretıch tiel organizmov v pôde:;;Ekosystém a Zem
1387;Èo predstavuje ivú hmotu ekosystému:;;Ekosystém a Zem
1388;K základnım typom potravinovıch reazcov patrí:;;Ekosystém a Zem
1389;Ktoré základné vlastnosti charakterizujú populáciu:;;Ekosystém a Zem
1390;Litosféru tvoria:;;Ekosystém a Zem
1391;"Kto charakterizoval v 19. storoèí po prvıkrat ekológiu ako ""ekonómiu prírody"":";;Ekosystém a Zem
1392;Štúdiom vzájomnıch vzahov medzi organizmami a ich prostredím sa zapodieva:;;Ekosystém a Zem
1393;Ako sa nazıva súhrn všetkıch ekosystémov na Zemi:;;Ekosystém a Zem
1394;Èo je stratigrafická tabu¾ka:;;Ekosystém a Zem
1395;Základnou jednotkou evolúcie je:;;Ekosystém a Zem
1396;Èo tvorí populáciu:;;Ekosystém a Zem
1397;Zoraïte druh Homo sapiens do systému rodu primátov (rad, podrad, nadèe¾aï, rod):;;Ekosystém a Zem
1398;Hominizácia je:;;Ekosystém a Zem
1399;Ktorı americkı paleontológ rozpracoval Darwinovu myšlienku vetvenia vıvojovıch línií a stanovil pojem adaptívnej radiácie:;;Ekosystém a Zem
1400;Ktorá kombinácia chlorofylu bola asi najvhodnejšia pre rozvoj zelenıch rias:;;Ekosystém a Zem
1401;Tzv. základnı biogenetickı zákon stanovil:;;Ekosystém a Zem
1402;Aké sú rozdiely medzi predátormi a parazitmi:;;Ekosystém a Zem
1403;"Èo chápeme pod pojmom ""uzavretı cyklus vody"":";;Ekosystém a Zem
1404;Peodlógia je:;;Ekosystém a Zem
1405;Uveïte útvar prvohôr, kedy preniká ivot aj na súš (rastliny a bezstavovce):;;Ekosystém a Zem
1406;Útvary treohôr:;;Ekosystém a Zem
1407;Èo je druhım stupòom vıvoja ekosystému:;;Ekosystém a Zem
1408;Útvary štvrohôr sú:;;Ekosystém a Zem
1409;Èo je prvım stupòom vıvoja ekosystému:;;Ekosystém a Zem
1410;Ako zniujeme nadmerné mnostvo odpadov:;;Ekosystém a Zem
1411;Akı podiel z celkovıch zásob vody na Zemi je vyuite¾nı pre ivot:;;Ekosystém a Zem
1412;Ako vznikajú imisie:;;Ekosystém a Zem
1413;Ktorı z oxidov sa podie¾a na mechanizme tzv. skleníkového efektu:;;Ekosystém a Zem
1414;Ktorı oxid je najrozšírenejšou neèistotou ovzdušia:;;Ekosystém a Zem
1415;Hlavné myšlienky Darwinovej evoluènej teórie:;;Ekosystém a Zem
1416;Homo erectus erectus:;;Ekosystém a Zem
1417;O pôde platí, e:;;Ekosystém a Zem
1418;Akou farbou sa oznaèuje II. stupeò akosti vody vodného toku:;;Ekosystém a Zem
1419;Oligocén:;;Ekosystém a Zem
1420;"Pre akostnı stupeò ""zneèistená voda"" vodného toku platí, e:";;Ekosystém a Zem
1421;"Pre akostnı stupeò ""ve¾mi silne zneèistená voda"" vodného toku platí, e:";;Ekosystém a Zem
1422;"Pre akostnı stupeò ""ve¾mi èistá voda"" vodného toku platí, e:";;Ekosystém a Zem
1423;"Pre akostnı stupeò ""èistá voda"" vodného toku platí, e:";;Ekosystém a Zem
1424;O treohorách platí, e:;;Ekosystém a Zem
1425;"Pojem ""selekcia"" oznaèuje:";;Ekosystém a Zem
1426;Akou farbou sa oznaèuje I.b stupeò akosti vody vodného toku:;;Ekosystém a Zem
1427;Pre hodnotenie akosti vody vodného toku sa zisuje:;;Ekosystém a Zem
1428;Akou farbou sa oznaèuje III. stupeò akosti vody vodného toku:;;Ekosystém a Zem
1429;O starohorách platí, e:;;Ekosystém a Zem
1430;"Pre akostnı stupeò ""silne zneèistená voda"" vodného toku platí, e:";;Ekosystém a Zem
1431;ivotné podmienky organizmov sú tvorené:;;Ekosystém a Zem
1432;K toku energie v ekosystéme patrí:;;Ekosystém a Zem
1433;O podzemnıch vodách platí, e:;;Ekosystém a Zem
1434;Prvé vodné nádre na Zemi:;;Ekosystém a Zem
1435;Akı je poèet kríovıch stavcov v chrbtici èloveka:;;Ekosystém a Zem
1436;Infekcia bunky vírusom prebieha vo fázach:;;Ekosystém a Zem
1437;Pri akıch hodnotách (dB) hluku dochádza k poškodeniu sluchu:;;Ekosystém a Zem
1438;Vá¾aè gú¾avı patrí do triedy:;;Ekosystém a Zem
1439;Vzdušnice odovzdávajú kyslík:;;Ekosystém a Zem
1440;Zo všetkıch mechanoreceptorov sú najcitlivejšie:;;Ekosystém a Zem
1441;Èo sú parazity:;;Ekosystém a Zem
1442;Tuky:;;Ekosystém a Zem
1443;Je okostica pevne spojená s kosou:;;Ekosystém a Zem
1444;Svaly, ktoré spôsobujú pritiahnutie, sa nazıvajú:;;Ekosystém a Zem
1445;Zrelé erytrocyty majú jadro u:;;Ekosystém a Zem
1446;Ako sa volá èas molekuly enzımu, ktorá urèuje jeho katalytickú funkciu a špecifickos:;;Ekosystém a Zem
1447;Frekvencia vıskytu dominantnej alely je 0,97. Vypoèítajte aká je frekvencia dominantnıch homozygotov:;;Populaèné choroby
1448;Ak zistíme, e v populácii vyskytuje 2500 recesívnych homozygotvo na 1 milión osôb, potom je frekvencia heterozygotov:;;Populaèné choroby
1449;Recesívna alela podmieòujúca kvalitatívny znak sa v populácii vyskytuje s frekvenciou 10%. Frekvencia dominantnıch homozygotov pre tento znak je:;;Populaèné choroby
1450;Recesívna alela podmieòujúca kvalitatívny znak sa v populácii vyskytuje s frekvenciou 10%. Frekvencia heterozygotov pre tento znak je:;;Populaèné choroby
1451;Frekvenica vıskytu dominantnej alely je 0,97. Vypoèítajte aká je frekvencia recesívnych alel:;;Populaèné choroby
1452;Ak zistíme, e sa v populácii vyskytuje 2500 recesívnych homozygotov na 1 milión osôb, potom je frekvencia dominantnıch homozygotov:;;Populaèné choroby
1453;V sledovanej populácii sa zistilo, e autozomálne recesívne ochorenie sa vyskytuie jedenkrát na 10 000 osôb. Aká je frekvencia recesívnej alely v tejto populácii:;;Populaèné choroby
1454;Autozomálne recesívny znak sa vyskytuje v populácii s frekvenciou 4 prípady na 10 000 osôb. Vypoèítajte, aká je frekvencia recesívnych alel v populácii:;;Populaèné choroby
1455;Pri populaènom vıskume sa zistilo, e frekvencia dominantnej alely A je 0,90. Aká je frekvencia recesívnych homozygotov:;;Populaèné choroby
1456;Recesívna alela podmieòujúca kvalitatívny znak sa v populácii vyskytuje s frekvenciou 10%. Frekvencia recesívnych homozygotov pre tento znak je:;;Populaèné choroby
1457;Recesívna alela podmieòújúca kvalitatívny znak sa v populácii vyskytuje s frekvenciou 10%. Frekvencia dominantnıch homozygotov pre tento znak je:;;Populaèné choroby
1458;Frekvencia vıskytu dominantnej alely je 0,97. Vypoèítajte aká je frekvencia heterozygotov:;;Populaèné choroby
1459;Pri populaènom vıskume sa zistilo, e frekvencia dominantnej alely A je 0,90. Aká je frekvencia heterozygotov:;;Populaèné choroby
1460;Autozomálne recesívny znak sa vyskytuje v populácii s frekvenciou 4 prípady na 10 000 osôb. Vypoèítajte, aká je frekvencia dominantnıch alel v populácii:;;Populaèné choroby
1461;Frekvencia vıskytu dominantnej alely je 0,97. Vypoèítajte aká je frekvencia recesívnych homozygotov:;;Populaèné choroby
1462;V sledovanej populácii sa zistilo, e autozomálne recesívne ochorenie sa vyskytuie jedenkrát na 10 000 osôb. Frekvencia heterozygotov pre tento znak je:;;Populaèné choroby
1463;V sledovanej populácii sa zistilo, e autozomálne recesívne ochorenie sa vyskytuie jedenkrát na 10 000 osôb. Aká je frekvencia dominantnej alely v tejto populácii:;;Populaèné choroby
1464;Autozomálne recesívny znak sa vyskytuje v populácii s frekvenciou 4 prípady na 10 000 osôb. Vypoèítajte, aká je frekvencia dominantnıch homozygotov v populácii:;;Populaèné choroby
1465;Autozomálne recesívny znak sa vyskytuje v populácii s frekvenciou 4 prípady na 10 000 osôb. Vypoèítajte, aká je frekvencia heterozygotov v populácii:;;Populaèné choroby
1466;Recesívna alela podmieòújúca kvalitatívny znak sa v populácii vyskytuje s frekvenciou 10%. Frekvencia dominantnıch alel pre tento znak je:;;Populaèné choroby
1467;Recesívna alela podmieòújúca kvalitatívny znak sa v populácii vyskytuje s frekvenciou 20%. Aká je frekvencia dominantnıch alel pre tento znak je:;;Populaèné choroby
1468;Autozomálne recesívny znak sa vyskytuje v populácii s frekvenciou 16 prípadov na 1 000 000 osôb. Aká je frekvencia heterozygotov:;;Populaèné choroby
1469;Aká je frekvencia dominantnej alely, ak sa pri vıskume populácie zistilo, e frekvencia recesívnej alely je 0,13:;;Populaèné choroby
1470;Aká je frekvencia dominantnıch homozygotov, keï sa pri populaènom vıskume zistilo, e frekvencia recesívnej alely je 0,04:;;Populaèné choroby
1471;Ak sa dominantná alela vyskytuje v populácii s frekvenciou 0,92, aká je frekvencia vıskytu dominantnıch homozygotov:;;Populaèné choroby
1472;Ak sa dominantná alela vyskytuje v populácii s frekvenciou 0,92, aká je frekvencia vıskytu heterozygotov:;;Populaèné choroby
1473;Aká je frekvencia heterozygotov, ak sa v danej populácii vyskytuje 3600 recesívnych homozygotov na 1 000 000 osôb:;;Populaèné choroby
1474;Aká je frekvencia recesívnych homozygotov, keï sa pri populaènom vıskume zistilo, e frekvencia recesívnej alely je 0,04:;;Populaèné choroby
1475;Recesívna alela, ktorá podmieòuje kvalitatívny znak sa v populácii vyskytuje s frekvenciou 20%. Aká je frekvencia recesívnych homozygotov:;;Populaèné choroby
1476;Autozomálne recesívny znak sa vyskytuje v populácii s frekvenciou 16 prípadov na 1 000 000 osôb. Aká je frekvencia dominantnıch homozygotov:;;Populaèné choroby
1477;Ak poznáme frekvenciu dominantnej alely (p) v populácii a frekvenciu recesívnej alely (q), frekvenciu heterozygotov vypoèítame:;;Populaèné choroby
1478;Autozomálne recesívny znak sa vyskytuje v populácii s frekvenciou 16 prípadov na 1 000 000 osôb. Aká je frekvencia recesívnych alel:;;Populaèné choroby
1479;Ak poznáme frekvenciu recesívnych homozygotov v populácii, frekvenciu recesívnych alel vypoèítame:;;Populaèné choroby
1480;Aká je frekvencia dominantnıch homozygotov, ak sa v danej populácii vyskytuje 3600 recesívnych homozygotov na 1 000 000 osôb:;;Populaèné choroby
1481;Ak poznáme frekvenciu recesívnej alely (q) v populácii, potom frekvenciu dominantnej alely (p) vypoèítame:;;Populaèné choroby
1482;Recesívna alela, ktorá podmieòuje kvalitatívny znak sa v populácii vyskytuje s frekvenciou 20%. Aká je frekvencia heterozygotov pre tento znak:;;Populaèné choroby
1483;Ak poznáme frekvenciu recesívnej alely (g) v populácii, frekvenciu recesívnych homozygotov vypoèítame:;;Populaèné choroby
1484;Ak poznáme frekvenciu dominantnej alely (p) v populácii, frekvenciu dominantnıch homozygotov vypoèítame:;;Populaèné choroby
1485;Ak sa dominantná alela vyskytuje v populácii s frekvenciou 0,92 , aká je frekvencia vıskytu recesívnych homozygotov:;;Populaèné choroby
1486;V sledovanej populácii sa autozomálne recesívny znak vyskytuje s frekvenciou 9 prípadov na 10 000 osôb. Aká je frekvencia heterozygotov:;;Populaèné choroby
1487;Recesívna alela, ktorá podmieòuje kvalitatívny znak sa v populáci vyskytuje s frekvenciou 20%. Aká je frekvencia dominantnıch homozygotov pre tento znak:;;Populaèné choroby
1488;Aká je frekvencia recesívnej alely, ak sa pri vıskume populácie zistilo, e frekvencia dominantnej alely je 0,86:;;Populaèné choroby
1489;Autozomálne recesívny znak sa vyskytuje v populácii s frekvenciou 16 prípadov na 1 000 000 osôb. Aká je frekvencia dominantnıch alel:;;Populaèné choroby
1490;Pri populaènom vıskume sa zistilo, e frekvencia dominantnej alely je 0,95. Aká je frekvencia recesívnych homozygotov:;;Populaèné choroby
1491;Aká je frekvencia heterozygotov, keï sa pri populaènom vıskume zistilo, e frekvencia recesívnej alely je 0,04:;;Populaèné choroby
1492;V sledovanej populácii sa autozomálne recesívny znak vyskytuje s frekvenciou 9 prípadov na 10 000 osôb. Aká je frekvencia recesívnych alel:;;Populaèné choroby
1493;Ak frekvencia dominantnıch homozygotov v populácii je 96,04% (p=0,98), potom sa danı autozomálne recesívny znak vyskytuje v populácii s frekvenciou:;;Populaèné choroby
1494;Aká je frekvencia dominantnej alely, keï sa pri populaènom vıskume zistilo, e frekvencia recesívnej alely je 0,04:;;Populaèné choroby
1495;Pri populaènom vıskume sa zistilo, e frekvencia dominantnej alely je 0,95. Aká je frekvencia dominantnıch homozygotov:;;Populaèné choroby
1496;V sledovanej populácii sa autozomálne recesívny znak vyskytuje s frekvenciou 9 prípadov na 10 000 osôb. Aká je frekvencia dominantnıch homozygotov:;;Populaèné choroby
1497;Pri populaènom vıskume sa zistilo, e frekvencia dominantnej alely je 0,95. Aká je frekvencia heterozygotov:;;Populaèné choroby
1498;Ak poznáme frekvenciu dominantnej alely (p) v populácii, potom frekvenciu recesívnej alely (q) vypoèítame:;;Populaèné choroby
1499;V sledovanej populácii sa autozomálne recesívny znak vyskytuje s frekvenciou 9 prípadov na 10 000 osôb. Aká je frekvencia dominantnıch alel:;;Populaèné choroby
1500;Ak poznáme frekvenciu dominantnıch homozygotov v populácii, frekvenciu dominantnıch alel vypoèítame:;;Populaèné choroby
